date_time,latitude,longitude,scientific_name,common_name,general_group,taxon_kingdom_name,taxon_phylum_name,taxon_class_name,taxon_order_name,taxon_family_name,taxon_genus_name,taxon_species_name
2019-01-17 17:47:26 UTC,43.46455097,-65.74500085,Pagurus acadianus,Acadian Hermit Crab,Marine Arthropods,Animalia,Arthropoda,Malacostraca,Decapoda,Paguridae,Pagurus,Pagurus acadianus
2018-08-26 16:05:39 UTC,43.46437328,-65.74907994,Rubus allegheniensis,Allegheny Blackberry,Plants,Plantae,Tracheophyta,Magnoliopsida,Rosales,Rosaceae,Rubus,Rubus allegheniensis
2017-07-04 01:14:47 UTC,43.46396196,-65.74893594,Circaea alpina,Alpine Enchanters Nightshade,Plants,Plantae,Tracheophyta,Magnoliopsida,Myrtales,Onagraceae,Circaea,Circaea alpina
2017-05-04 20:11:28 UTC,43.47717906,-65.75323284,Lycaena hypophlaeas,American Copper,Insects,Animalia,Arthropoda,Insecta,Lepidoptera,Lycaenidae,Lycaena,Lycaena hypophlaeas
2017-05-10 04:37:19 UTC,43.46397598,-65.74899387,Lycaena hypophlaeas,American Copper,Insects,Animalia,Arthropoda,Insecta,Lepidoptera,Lycaenidae,Lycaena,Lycaena hypophlaeas
2018-07-02 19:38:44 UTC,43.46442223,-65.74566327,Lycaena hypophlaeas,American Copper,Insects,Animalia,Arthropoda,Insecta,Lepidoptera,Lycaenidae,Lycaena,Lycaena hypophlaeas
2018-08-23 14:02:38 UTC,43.46035333,-65.743155,Lycaena hypophlaeas,American Copper,Insects,Animalia,Arthropoda,Insecta,Lepidoptera,Lycaenidae,Lycaena,Lycaena hypophlaeas
2019-01-15 22:10:19 UTC,43.46445974,-65.74570214,Lycaena hypophlaeas,American Copper,Insects,Animalia,Arthropoda,Insecta,Lepidoptera,Lycaenidae,Lycaena,Lycaena hypophlaeas
2019-01-17 17:47:38 UTC,43.46435083,-65.74525773,Lycaena hypophlaeas,American Copper,Insects,Animalia,Arthropoda,Insecta,Lepidoptera,Lycaenidae,Lycaena,Lycaena hypophlaeas
2020-11-19 00:59:08 UTC,43.46499739,-65.75242784,Lycaena hypophlaeas,American Copper,Insects,Animalia,Arthropoda,Insecta,Lepidoptera,Lycaenidae,Lycaena,Lycaena hypophlaeas
2021-07-01 12:35:53 UTC,43.46442807,-65.74571616,Lycaena hypophlaeas,American Copper,Insects,Animalia,Arthropoda,Insecta,Lepidoptera,Lycaenidae,Lycaena,Lycaena hypophlaeas
2022-08-29 00:25:52 UTC,43.46422,-65.74516333,Lycaena hypophlaeas,American Copper,Insects,Animalia,Arthropoda,Insecta,Lepidoptera,Lycaenidae,Lycaena,Lycaena hypophlaeas
2022-09-04 10:12:51 UTC,43.46439997,-65.745377,Lycaena hypophlaeas,American Copper,Insects,Animalia,Arthropoda,Insecta,Lepidoptera,Lycaenidae,Lycaena,Lycaena hypophlaeas
2018-07-05 09:14:31 UTC,43.46460318,-65.74583721,Lycaena hypophlaeas,American Copper,Insects,Animalia,Arthropoda,Insecta,Lepidoptera,Lycaenidae,Lycaena,Lycaena hypophlaeas
2018-08-21 12:17:26 UTC,43.45934296,-65.74318695,Lycaena hypophlaeas,American Copper,Insects,Animalia,Arthropoda,Insecta,Lepidoptera,Lycaenidae,Lycaena,Lycaena hypophlaeas
2017-05-08 22:10:31 UTC,43.47393975,-65.75198293,Teucrium canadense,American Germander,Plants,Plantae,Tracheophyta,Magnoliopsida,Lamiales,Lamiaceae,Teucrium,Teucrium canadense
2018-08-18 22:12:02 UTC,43.45698929,-65.74342346,Teucrium canadense,American Germander,Plants,Plantae,Tracheophyta,Magnoliopsida,Lamiales,Lamiaceae,Teucrium,Teucrium canadense
2018-09-06 21:37:29 UTC,43.47150917,-65.75154736,Teucrium canadense,American Germander,Plants,Plantae,Tracheophyta,Magnoliopsida,Lamiales,Lamiaceae,Teucrium,Teucrium canadense
2018-11-08 15:55:22 UTC,43.461884,-65.743669,Teucrium canadense,American Germander,Plants,Plantae,Tracheophyta,Magnoliopsida,Lamiales,Lamiaceae,Teucrium,Teucrium canadense
2019-10-07 23:36:04 UTC,43.45690257,-65.74344673,Teucrium canadense,American Germander,Plants,Plantae,Tracheophyta,Magnoliopsida,Lamiales,Lamiaceae,Teucrium,Teucrium canadense
2017-07-01 15:02:57 UTC,43.46378117,-65.74554043,Homarus americanus,American Lobster,Marine Arthropods,Animalia,Arthropoda,Malacostraca,Decapoda,Nephropidae,Homarus,Homarus americanus
2017-07-04 02:04:29 UTC,43.46961511,-65.75381756,Homarus americanus,American Lobster,Marine Arthropods,Animalia,Arthropoda,Malacostraca,Decapoda,Nephropidae,Homarus,Homarus americanus
2017-07-03 23:42:01 UTC,43.46436494,-65.74701816,Sorbus americana,American Mountain Ash,Plants,Plantae,Tracheophyta,Magnoliopsida,Rosales,Rosaceae,Sorbus,Sorbus americana
2018-09-01 12:49:10 UTC,43.46421333,-65.74904667,Sorbus americana,American Mountain Ash,Plants,Plantae,Tracheophyta,Magnoliopsida,Rosales,Rosaceae,Sorbus,Sorbus americana
2017-08-01 00:21:56 UTC,43.4643591,-65.74688673,Setophaga ruticilla,American Redstart,Birds,Animalia,Chordata,Aves,Passeriformes,Parulidae,Setophaga,Setophaga ruticilla
2017-08-01 00:21:58 UTC,43.46418389,-65.74566901,Setophaga ruticilla,American Redstart,Birds,Animalia,Chordata,Aves,Passeriformes,Parulidae,Setophaga,Setophaga ruticilla
2017-07-04 02:04:30 UTC,43.47008229,-65.75480461,Cakile edentula,American Searocket,Plants,Plantae,Tracheophyta,Magnoliopsida,Brassicales,Brassicaceae,Cakile,Cakile edentula
2018-08-19 16:55:51 UTC,43.47278214,-65.75717163,Cakile edentula,American Searocket,Plants,Plantae,Tracheophyta,Magnoliopsida,Brassicales,Brassicaceae,Cakile,Cakile edentula
2018-08-23 18:00:54 UTC,43.46917167,-65.75347833,Cakile edentula,American Searocket,Plants,Plantae,Tracheophyta,Magnoliopsida,Brassicales,Brassicaceae,Cakile,Cakile edentula
2019-01-15 22:10:18 UTC,43.46434826,-65.74718261,Libytheana carinenta,American Snout,Insects,Animalia,Arthropoda,Insecta,Lepidoptera,Nymphalidae,Libytheana,Libytheana carinenta
2017-07-04 02:04:34 UTC,43.47269842,-65.75137138,Placopecten magellanicus,Atlantic Deep-sea Scallop,Mollusks,Animalia,Mollusca,Bivalvia,Pectinida,Pectinidae,Placopecten,Placopecten magellanicus
2017-07-04 01:45:12 UTC,43.46493728,-65.75363517,Nucella lapillus,Atlantic Dogwhelk,Mollusks,Animalia,Mollusca,Gastropoda,Neogastropoda,Muricidae,Nucella,Nucella lapillus
2022-05-15 02:25:05 UTC,43.4666667,-65.75,Scomber scombrus,Atlantic Mackerel,Bony Fish,Animalia,Chordata,Actinopterygii,Scombriformes,Scombridae,Scomber,Scomber scombrus
2017-05-11 05:42:48 UTC,43.45858709,-65.74993801,Abies balsamea,Balsam Fir,Plants,Plantae,Tracheophyta,Pinopsida,Pinales,Pinaceae,Abies,Abies balsamea
2017-07-01 14:21:33 UTC,43.46384974,-65.74553875,Abies balsamea,Balsam Fir,Plants,Plantae,Tracheophyta,Pinopsida,Pinales,Pinaceae,Abies,Abies balsamea
2017-07-03 23:41:58 UTC,43.46428902,-65.74625373,Abies balsamea,Balsam Fir,Plants,Plantae,Tracheophyta,Pinopsida,Pinales,Pinaceae,Abies,Abies balsamea
2018-08-26 15:27:26 UTC,43.46529122,-65.74785115,Abies balsamea,Balsam Fir,Plants,Plantae,Tracheophyta,Pinopsida,Pinales,Pinaceae,Abies,Abies balsamea
2018-08-29 12:19:32 UTC,43.46447264,-65.74907659,Abies balsamea,Balsam Fir,Plants,Plantae,Tracheophyta,Pinopsida,Pinales,Pinaceae,Abies,Abies balsamea
2020-07-14 17:32:16 UTC,43.462924,-65.74955697,Abies balsamea,Balsam Fir,Plants,Plantae,Tracheophyta,Pinopsida,Pinales,Pinaceae,Abies,Abies balsamea
2021-07-01 18:49:35 UTC,43.46392383,-65.74558621,Abies balsamea,Balsam Fir,Plants,Plantae,Tracheophyta,Pinopsida,Pinales,Pinaceae,Abies,Abies balsamea
2018-09-01 16:06:41 UTC,43.46432174,-65.74762519,Thelotrema lepadinum,Bark Barnacles,Fungi,Fungi,Ascomycota,Lecanoromycetes,Ostropales,Graphidaceae,Thelotrema,Thelotrema lepadinum
2017-07-01 14:57:06 UTC,43.46353223,-65.74531294,Amelanchier bartramiana,Bartram Shadbush,Plants,Plantae,Tracheophyta,Magnoliopsida,Rosales,Rosaceae,Amelanchier,Amelanchier bartramiana
2018-08-22 20:56:32 UTC,43.46913322,-65.75257488,Tylopilus felleus,Bitter Bolete,Fungi,Fungi,Basidiomycota,Agaricomycetes,Boletales,Boletaceae,Tylopilus,Tylopilus felleus
2018-08-23 12:34:20 UTC,43.4650078,-65.74783159,Tylopilus felleus,Bitter Bolete,Fungi,Fungi,Basidiomycota,Agaricomycetes,Boletales,Boletaceae,Tylopilus,Tylopilus felleus
2018-09-03 00:07:15 UTC,43.46423333,-65.748895,Tylopilus felleus,Bitter Bolete,Fungi,Fungi,Basidiomycota,Agaricomycetes,Boletales,Boletaceae,Tylopilus,Tylopilus felleus
2017-07-03 23:42:02 UTC,43.4645421,-65.74733198,Aronia melanocarpa,Black Chokeberry,Plants,Plantae,Tracheophyta,Magnoliopsida,Rosales,Rosaceae,Aronia,Aronia melanocarpa
2018-08-25 19:38:16 UTC,43.46972656,-65.75434875,Solanum nigrum,Black Nightshade,Plants,Plantae,Tracheophyta,Magnoliopsida,Solanales,Solanaceae,Solanum,Solanum nigrum
2019-01-16 16:51:19 UTC,43.46450772,-65.74737423,Tramea lacerata,Black Saddlebags,Insects,Animalia,Arthropoda,Insecta,Odonata,Libellulidae,Tramea,Tramea lacerata
2022-09-14 22:09:04 UTC,43.46265306,-65.75070639,Tramea lacerata,Black Saddlebags,Insects,Animalia,Arthropoda,Insecta,Odonata,Libellulidae,Tramea,Tramea lacerata
2021-07-01 15:21:23 UTC,43.46669832,-65.7500001,Picea mariana,Black Spruce,Plants,Plantae,Tracheophyta,Pinopsida,Pinales,Pinaceae,Picea,Picea mariana
2018-07-02 19:38:42 UTC,43.46448949,-65.74689937,Setophaga striata,Blackpoll Warbler,Birds,Animalia,Chordata,Aves,Passeriformes,Parulidae,Setophaga,Setophaga striata
2022-08-11 17:51:52 UTC,43.46455586,-65.74600346,Setophaga caerulescens,Black-throated Blue Warbler,Birds,Animalia,Chordata,Aves,Passeriformes,Parulidae,Setophaga,Setophaga caerulescens
2018-07-02 19:38:42 UTC,43.46447547,-65.74689937,Setophaga virens,Black-throated Green Warbler,Birds,Animalia,Chordata,Aves,Passeriformes,Parulidae,Setophaga,Setophaga virens
2017-07-04 01:45:11 UTC,43.4649003,-65.7536298,Fucus vesiculosus,Bladder Wrack,Chromista,Chromista,Ochrophyta,Phaeophyceae,Fucales,Fucaceae,Fucus,Fucus vesiculosus
2017-07-04 17:16:51 UTC,43.46264588,-65.75238746,Fucus vesiculosus,Bladder Wrack,Chromista,Chromista,Ochrophyta,Phaeophyceae,Fucales,Fucaceae,Fucus,Fucus vesiculosus
2018-09-03 00:27:14 UTC,43.45685261,-65.74333113,Fucus vesiculosus,Bladder Wrack,Chromista,Chromista,Ochrophyta,Phaeophyceae,Fucales,Fucaceae,Fucus,Fucus vesiculosus
2018-09-03 00:55:05 UTC,43.46317833,-65.7527,Fucus vesiculosus,Bladder Wrack,Chromista,Chromista,Ochrophyta,Phaeophyceae,Fucales,Fucaceae,Fucus,Fucus vesiculosus
2018-09-17 19:03:20 UTC,43.47120333,-65.75626333,Fucus vesiculosus,Bladder Wrack,Chromista,Chromista,Ochrophyta,Phaeophyceae,Fucales,Fucaceae,Fucus,Fucus vesiculosus
2018-09-27 00:17:37 UTC,43.46443667,-65.74507167,Fucus vesiculosus,Bladder Wrack,Chromista,Chromista,Ochrophyta,Phaeophyceae,Fucales,Fucaceae,Fucus,Fucus vesiculosus
2019-08-08 19:53:15 UTC,43.47356333,-65.75852167,Fucus vesiculosus,Bladder Wrack,Chromista,Chromista,Ochrophyta,Phaeophyceae,Fucales,Fucaceae,Fucus,Fucus vesiculosus
2019-08-25 15:04:00 UTC,43.47354809,-65.75843683,Fucus vesiculosus,Bladder Wrack,Chromista,Chromista,Ochrophyta,Phaeophyceae,Fucales,Fucaceae,Fucus,Fucus vesiculosus
2022-10-12 18:52:25 UTC,43.45957421,-65.74643351,Passerina caerulea,Blue Grosbeak,Birds,Animalia,Chordata,Aves,Passeriformes,Cardinalidae,Passerina,Passerina caerulea
2022-08-11 17:51:50 UTC,43.46451667,-65.74580278,Cyanocitta cristata,Blue Jay,Birds,Animalia,Chordata,Aves,Passeriformes,Corvidae,Cyanocitta,Cyanocitta cristata
2022-08-11 17:51:50 UTC,43.46372212,-65.74729245,Vireo solitarius,Blue-headed Vireo,Birds,Animalia,Chordata,Aves,Passeriformes,Vireonidae,Vireo,Vireo solitarius
2023-06-23 10:44:27 UTC,43.472375,-65.75161667,Moehringia lateriflora,Bluntleaf Sandwort,Plants,Plantae,Tracheophyta,Magnoliopsida,Caryophyllales,Caryophyllaceae,Moehringia,Moehringia lateriflora
2018-09-01 16:04:25 UTC,43.46265613,-65.74524149,Platanthera obtusata,Blunt-leaved Rein Orchid,Plants,Plantae,Tracheophyta,Liliopsida,Asparagales,Orchidaceae,Platanthera,Platanthera obtusata
2021-06-16 15:09:48 UTC,43.461845,-65.74788667,Vaccinium oxycoccos,Bog Cranberry,Plants,Plantae,Tracheophyta,Magnoliopsida,Ericales,Ericaceae,Vaccinium,Vaccinium oxycoccos
2018-08-27 14:55:10 UTC,43.457901,-65.74332428,Nicrophorus hebes,Boreal Burying Beetle,Insects,Animalia,Arthropoda,Insecta,Coleoptera,Silphidae,Nicrophorus,Nicrophorus hebes
2021-08-04 15:44:08 UTC,43.4634154,-65.74916158,Nicrophorus hebes,Boreal Burying Beetle,Insects,Animalia,Arthropoda,Insecta,Coleoptera,Silphidae,Nicrophorus,Nicrophorus hebes
2018-01-21 23:50:26 UTC,43.46446167,-65.74584167,Poecile hudsonicus,Boreal Chickadee,Birds,Animalia,Chordata,Aves,Passeriformes,Paridae,Poecile,Poecile hudsonicus
2019-07-06 23:29:10 UTC,43.4652249,-65.74784163,Poecile hudsonicus,Boreal Chickadee,Birds,Animalia,Chordata,Aves,Passeriformes,Paridae,Poecile,Poecile hudsonicus
2018-09-02 23:58:25 UTC,43.46367167,-65.74868,Paxillus involutus,Brown Roll-Rim,Fungi,Fungi,Basidiomycota,Agaricomycetes,Boletales,Paxillaceae,Paxillus,Paxillus involutus
2018-08-26 13:27:36 UTC,43.46793667,-65.748375,Cirsium vulgare,Bull Thistle,Plants,Plantae,Tracheophyta,Magnoliopsida,Asterales,Asteraceae,Cirsium,Cirsium vulgare
2018-08-26 17:00:11 UTC,43.46761333,-65.74769667,Cirsium vulgare,Bull Thistle,Plants,Plantae,Tracheophyta,Magnoliopsida,Asterales,Asteraceae,Cirsium,Cirsium vulgare
2018-08-26 20:27:21 UTC,43.466667,-65.75,Cirsium vulgare,Bull Thistle,Plants,Plantae,Tracheophyta,Magnoliopsida,Asterales,Asteraceae,Cirsium,Cirsium vulgare
2018-08-26 23:12:03 UTC,43.4580725,-65.74317122,Cirsium vulgare,Bull Thistle,Plants,Plantae,Tracheophyta,Magnoliopsida,Asterales,Asteraceae,Cirsium,Cirsium vulgare
2018-09-03 11:33:56 UTC,43.4675384,-65.74762828,Cirsium vulgare,Bull Thistle,Plants,Plantae,Tracheophyta,Magnoliopsida,Asterales,Asteraceae,Cirsium,Cirsium vulgare
2019-01-15 22:10:31 UTC,43.45890135,-65.74352419,Cirsium vulgare,Bull Thistle,Plants,Plantae,Tracheophyta,Magnoliopsida,Asterales,Asteraceae,Cirsium,Cirsium vulgare
2019-08-26 12:19:46 UTC,43.45696555,-65.74339852,Cirsium vulgare,Bull Thistle,Plants,Plantae,Tracheophyta,Magnoliopsida,Asterales,Asteraceae,Cirsium,Cirsium vulgare
2017-07-04 01:14:44 UTC,43.46408266,-65.74783623,Cornus canadensis,Bunchberry,Plants,Plantae,Tracheophyta,Magnoliopsida,Cornales,Cornaceae,Cornus,Cornus canadensis
2017-07-04 17:16:13 UTC,43.46284015,-65.74925227,Cornus canadensis,Bunchberry,Plants,Plantae,Tracheophyta,Magnoliopsida,Cornales,Cornaceae,Cornus,Cornus canadensis
2017-07-04 17:19:24 UTC,43.46480121,-65.74636711,Cornus canadensis,Bunchberry,Plants,Plantae,Tracheophyta,Magnoliopsida,Cornales,Cornaceae,Cornus,Cornus canadensis
2018-09-03 00:57:30 UTC,43.46363333,-65.74529167,Cornus canadensis,Bunchberry,Plants,Plantae,Tracheophyta,Magnoliopsida,Cornales,Cornaceae,Cornus,Cornus canadensis
2018-08-18 22:17:45 UTC,43.45687866,-65.74344635,Mentha canadensis,Canada mint,Plants,Plantae,Tracheophyta,Magnoliopsida,Lamiales,Lamiaceae,Mentha,Mentha canadensis
2018-09-04 13:11:03 UTC,43.47023972,-65.75091558,Mentha canadensis,Canada mint,Plants,Plantae,Tracheophyta,Magnoliopsida,Lamiales,Lamiaceae,Mentha,Mentha canadensis
2018-01-21 23:47:58 UTC,43.46456333,-65.74588,Bombycilla cedrorum,Cedar Waxwing,Birds,Animalia,Chordata,Aves,Passeriformes,Bombycillidae,Bombycilla,Bombycilla cedrorum
2019-08-28 23:57:13 UTC,43.45768897,-65.74631056,Goodyera tesselata,Checkered Rattlesnake Plantain,Plants,Plantae,Tracheophyta,Liliopsida,Asparagales,Orchidaceae,Goodyera,Goodyera tesselata
2022-10-12 18:52:25 UTC,43.45957421,-65.74643351,Spizella passerina,Chipping Sparrow,Birds,Animalia,Chordata,Aves,Passeriformes,Passerellidae,Spizella,Spizella passerina
2017-07-04 01:14:50 UTC,43.46377507,-65.75050235,Osmundastrum cinnamomeum,Cinnamon Fern,Plants,Plantae,Tracheophyta,Polypodiopsida,Osmundales,Osmundaceae,Osmundastrum,Osmundastrum cinnamomeum
2019-08-08 19:48:28 UTC,43.46291385,-65.75253735,Osmundastrum cinnamomeum,Cinnamon Fern,Plants,Plantae,Tracheophyta,Polypodiopsida,Osmundales,Osmundaceae,Osmundastrum,Osmundastrum cinnamomeum
2019-01-15 22:10:38 UTC,43.46461108,-65.74592051,Colias philodice,Clouded Sulphur,Insects,Animalia,Arthropoda,Insecta,Lepidoptera,Pieridae,Colias,Colias philodice
2018-08-26 19:52:16 UTC,43.466667,-65.75,Marasmius rotula,Collared Parachute,Fungi,Fungi,Basidiomycota,Agaricomycetes,Agaricales,Marasmiaceae,Marasmius,Marasmius rotula
2017-07-04 02:04:31 UTC,43.47034702,-65.75583458,Crepidula fornicata,Common Atlantic Slippersnail,Mollusks,Animalia,Mollusca,Gastropoda,Littorinimorpha,Calyptraeidae,Crepidula,Crepidula fornicata
2017-07-04 01:45:13 UTC,43.46496065,-65.75363785,Corallina officinalis,Common Coralline,Plants,Plantae,Rhodophyta,Florideophyceae,Corallinales,Corallinaceae,Corallina,Corallina officinalis
2018-09-03 00:51:19 UTC,43.45574167,-65.74463667,Corallina officinalis,Common Coralline,Plants,Plantae,Rhodophyta,Florideophyceae,Corallinales,Corallinaceae,Corallina,Corallina officinalis
2018-09-03 00:53:50 UTC,43.463225,-65.75287,Corallina officinalis,Common Coralline,Plants,Plantae,Rhodophyta,Florideophyceae,Corallinales,Corallinaceae,Corallina,Corallina officinalis
2021-06-29 23:08:48 UTC,43.48115604,-65.75726889,Heracleum maximum,Common Cowparsnip,Plants,Plantae,Tracheophyta,Magnoliopsida,Apiales,Apiaceae,Heracleum,Heracleum maximum
2019-01-15 22:10:38 UTC,43.46457728,-65.74592485,Eristalis tenax,Common Drone Fly,Insects,Animalia,Arthropoda,Insecta,Diptera,Syrphidae,Eristalis,Eristalis tenax
2019-01-15 22:10:26 UTC,43.46483919,-65.7461898,Anax junius,Common Green Darner,Insects,Animalia,Arthropoda,Insecta,Odonata,Aeshnidae,Anax,Anax junius
2019-01-16 16:51:18 UTC,43.46449791,-65.74583352,Anax junius,Common Green Darner,Insects,Animalia,Arthropoda,Insecta,Odonata,Aeshnidae,Anax,Anax junius
2019-09-13 16:20:41 UTC,43.46475075,-65.74709169,Anax junius,Common Green Darner,Insects,Animalia,Arthropoda,Insecta,Odonata,Aeshnidae,Anax,Anax junius
2017-07-01 15:06:22 UTC,43.46460405,-65.74532394,Littorina littorea,Common Periwinkle,Mollusks,Animalia,Mollusca,Gastropoda,Littorinimorpha,Littorinidae,Littorina,Littorina littorea
2017-07-04 17:14:56 UTC,43.46434468,-65.74470462,Littorina littorea,Common Periwinkle,Mollusks,Animalia,Mollusca,Gastropoda,Littorinimorpha,Littorinidae,Littorina,Littorina littorea
2021-07-01 15:07:34 UTC,43.46669832,-65.7500001,Littorina littorea,Common Periwinkle,Mollusks,Animalia,Mollusca,Gastropoda,Littorinimorpha,Littorinidae,Littorina,Littorina littorea
2018-08-27 13:55:44 UTC,43.466667,-65.75,Cladonia coniocraea,Common Powderhorn,Fungi,Fungi,Ascomycota,Lecanoromycetes,Lecanorales,Cladoniaceae,Cladonia,Cladonia coniocraea
2018-09-01 16:04:55 UTC,43.45634147,-65.74373389,Ambrosia artemisiifolia,Common Ragweed,Plants,Plantae,Tracheophyta,Magnoliopsida,Asterales,Asteraceae,Ambrosia,Ambrosia artemisiifolia
2018-09-01 16:06:32 UTC,43.46390657,-65.7482054,Graphis scripta,Common Script Lichen,Fungi,Fungi,Ascomycota,Lecanoromycetes,Ostropales,Graphidaceae,Graphis,Graphis scripta
2017-07-04 02:04:31 UTC,43.47122686,-65.75588822,Argentina anserina,Common Silverweed,Plants,Plantae,Tracheophyta,Magnoliopsida,Rosales,Rosaceae,Argentina,Argentina anserina
2018-08-26 14:15:16 UTC,43.46786184,-65.74801509,Xanthoria parietina,Common Sunburst Lichen,Fungi,Fungi,Ascomycota,Lecanoromycetes,Teloschistales,Teloschistaceae,Xanthoria,Xanthoria parietina
2018-08-26 20:25:43 UTC,43.466667,-65.75,Xanthoria parietina,Common Sunburst Lichen,Fungi,Fungi,Ascomycota,Lecanoromycetes,Teloschistales,Teloschistaceae,Xanthoria,Xanthoria parietina
2017-07-04 02:04:28 UTC,43.46949053,-65.7536459,Buccinum undatum,Common Whelk,Mollusks,Animalia,Mollusca,Gastropoda,Neogastropoda,Buccinidae,Buccinum,Buccinum undatum
2019-01-15 22:10:47 UTC,43.46514271,-65.74629527,Cercyonis pegala,Common Wood-Nymph,Insects,Animalia,Arthropoda,Insecta,Lepidoptera,Nymphalidae,Cercyonis,Cercyonis pegala
2018-09-05 14:05:21 UTC,43.45679769,-65.74344003,Achillea millefolium,Common Yarrow,Plants,Plantae,Tracheophyta,Magnoliopsida,Asterales,Asteraceae,Achillea,Achillea millefolium
2018-09-06 20:40:27 UTC,43.45904718,-65.74409208,Achillea millefolium,Common Yarrow,Plants,Plantae,Tracheophyta,Magnoliopsida,Asterales,Asteraceae,Achillea,Achillea millefolium
2021-07-01 15:32:08 UTC,43.46669832,-65.7500001,Achillea millefolium,Common Yarrow,Plants,Plantae,Tracheophyta,Magnoliopsida,Asterales,Asteraceae,Achillea,Achillea millefolium
2016-09-22 02:09:43 UTC,43.46476673,-65.74609475,Geothlypis trichas,Common Yellowthroat,Birds,Animalia,Chordata,Aves,Passeriformes,Parulidae,Geothlypis,Geothlypis trichas
2018-07-02 19:38:46 UTC,43.4640556,-65.74808226,Geothlypis trichas,Common Yellowthroat,Birds,Animalia,Chordata,Aves,Passeriformes,Parulidae,Geothlypis,Geothlypis trichas
2017-07-04 17:16:26 UTC,43.46266388,-65.75126837,Gloeophyllum sepiarium,Conifer Mazegill,Fungi,Fungi,Basidiomycota,Agaricomycetes,Gloeophyllales,Gloeophyllaceae,Gloeophyllum,Gloeophyllum sepiarium
2018-09-03 11:30:53 UTC,43.45690864,-65.74348862,Heterobasidion annosum,Conifer-base Polypore,Fungi,Fungi,Basidiomycota,Agaricomycetes,Russulales,Bondarzewiaceae,Heterobasidion,Heterobasidion annosum
2019-07-22 22:12:16 UTC,43.46458054,-65.74601746,Hylobius pinicola,Couper Collar Weevil,Insects,Animalia,Arthropoda,Insecta,Coleoptera,Curculionidae,Hylobius,Hylobius pinicola
2018-08-26 23:33:31 UTC,43.46454667,-65.74649167,Lactarius camphoratus,Curry Milkcap,Fungi,Fungi,Basidiomycota,Agaricomycetes,Russulales,Russulaceae,Lactarius,Lactarius camphoratus
2018-09-03 00:52:39 UTC,43.45698,-65.74421667,Alaria esculenta,Dabberlocks,Chromista,Chromista,Ochrophyta,Phaeophyceae,Laminariales,Alariaceae,Alaria,Alaria esculenta
2018-09-10 16:07:11 UTC,43.456775,-65.74291167,Alaria esculenta,Dabberlocks,Chromista,Chromista,Ochrophyta,Phaeophyceae,Laminariales,Alariaceae,Alaria,Alaria esculenta
2018-08-20 10:58:49 UTC,43.46057023,-65.74288729,Nannopterum auritum,Double-crested Cormorant,Birds,Animalia,Chordata,Aves,Suliformes,Phalacrocoracidae,Nannopterum,Nannopterum auritum
2018-11-08 15:55:19 UTC,43.46412728,-65.74280978,Nannopterum auritum,Double-crested Cormorant,Birds,Animalia,Chordata,Aves,Suliformes,Phalacrocoracidae,Nannopterum,Nannopterum auritum
2018-09-01 16:05:38 UTC,43.4649605,-65.74737336,Cladonia squamosa,Dragon Horn,Fungi,Fungi,Ascomycota,Lecanoromycetes,Lecanorales,Cladoniaceae,Cladonia,Cladonia squamosa
2018-09-03 00:52:28 UTC,43.455745,-65.74453,Palmaria palmata,Dulse,Plants,Plantae,Rhodophyta,Florideophyceae,Palmariales,Palmariaceae,Palmaria,Palmaria palmata
2018-09-03 00:54:07 UTC,43.46318,-65.752755,Palmaria palmata,Dulse,Plants,Plantae,Rhodophyta,Florideophyceae,Palmariales,Palmariaceae,Palmaria,Palmaria palmata
2018-08-29 23:07:40 UTC,43.46676148,-65.7496979,Phaeolus schweinitzii,Dyer's Polypore,Fungi,Fungi,Basidiomycota,Agaricomycetes,Polyporales,Phaeolaceae,Phaeolus,Phaeolus schweinitzii
2018-08-30 15:11:05 UTC,43.45857167,-65.74316333,Phaeolus schweinitzii,Dyer's Polypore,Fungi,Fungi,Basidiomycota,Agaricomycetes,Polyporales,Phaeolaceae,Phaeolus,Phaeolus schweinitzii
2018-09-07 01:48:45 UTC,43.45969763,-65.74343478,Phaeolus schweinitzii,Dyer's Polypore,Fungi,Fungi,Basidiomycota,Agaricomycetes,Polyporales,Phaeolaceae,Phaeolus,Phaeolus schweinitzii
2017-08-01 00:21:57 UTC,43.46448369,-65.74589431,Plethodon cinereus,Eastern Red-backed Salamander,Amphibians,Animalia,Chordata,Amphibia,Caudata,Plethodontidae,Plethodon,Plethodon cinereus
2019-01-15 22:10:29 UTC,43.46406828,-65.74564263,Plethodon cinereus,Eastern Red-backed Salamander,Amphibians,Animalia,Chordata,Amphibia,Caudata,Plethodontidae,Plethodon,Plethodon cinereus
2019-01-16 16:51:20 UTC,43.46385566,-65.74567496,Plethodon cinereus,Eastern Red-backed Salamander,Amphibians,Animalia,Chordata,Amphibia,Caudata,Plethodontidae,Plethodon,Plethodon cinereus
2019-08-24 23:08:22 UTC,43.45726517,-65.74355451,Plethodon cinereus,Eastern Red-backed Salamander,Amphibians,Animalia,Chordata,Amphibia,Caudata,Plethodontidae,Plethodon,Plethodon cinereus
2019-09-09 04:22:58 UTC,43.47450205,-65.75440932,Plethodon cinereus,Eastern Red-backed Salamander,Amphibians,Animalia,Chordata,Amphibia,Caudata,Plethodontidae,Plethodon,Plethodon cinereus
2019-10-02 15:49:24 UTC,43.4703051,-65.75284912,Plethodon cinereus,Eastern Red-backed Salamander,Amphibians,Animalia,Chordata,Amphibia,Caudata,Plethodontidae,Plethodon,Plethodon cinereus
2022-09-03 15:22:51 UTC,43.46315746,-65.75096503,Plethodon cinereus,Eastern Red-backed Salamander,Amphibians,Animalia,Chordata,Amphibia,Caudata,Plethodontidae,Plethodon,Plethodon cinereus
2023-07-16 20:51:20 UTC,43.46390333,-65.74555833,Plethodon cinereus,Eastern Red-backed Salamander,Amphibians,Animalia,Chordata,Amphibia,Caudata,Plethodontidae,Plethodon,Plethodon cinereus
2023-07-17 02:06:33 UTC,43.464325,-65.74632167,Plethodon cinereus,Eastern Red-backed Salamander,Amphibians,Animalia,Chordata,Amphibia,Caudata,Plethodontidae,Plethodon,Plethodon cinereus
2023-07-17 02:16:24 UTC,43.46433333,-65.74630833,Plethodon cinereus,Eastern Red-backed Salamander,Amphibians,Animalia,Chordata,Amphibia,Caudata,Plethodontidae,Plethodon,Plethodon cinereus
2023-07-17 23:08:32 UTC,43.46403833,-65.745645,Plethodon cinereus,Eastern Red-backed Salamander,Amphibians,Animalia,Chordata,Amphibia,Caudata,Plethodontidae,Plethodon,Plethodon cinereus
2018-09-03 00:55:19 UTC,43.46316667,-65.75273,Zostera marina,Eelgrass,Plants,Plantae,Tracheophyta,Liliopsida,Alismatales,Zosteraceae,Zostera,Zostera marina
2018-09-10 16:09:14 UTC,43.47272167,-65.7573,Zostera marina,Eelgrass,Plants,Plantae,Tracheophyta,Liliopsida,Alismatales,Zosteraceae,Zostera,Zostera marina
2019-01-15 22:10:28 UTC,43.46436029,-65.74531271,Cimbex americanus,Elm Sawfly,Insects,Animalia,Arthropoda,Insecta,Hymenoptera,Cimbicidae,Cimbex,Cimbex americanus
2019-01-15 22:10:52 UTC,43.4643657,-65.74555589,Cimbex americanus,Elm Sawfly,Insects,Animalia,Arthropoda,Insecta,Hymenoptera,Cimbicidae,Cimbex,Cimbex americanus
2017-07-01 15:06:10 UTC,43.46452427,-65.74547348,Carcinus maenas,European Green Crab,Marine Arthropods,Animalia,Arthropoda,Malacostraca,Decapoda,Carcinidae,Carcinus,Carcinus maenas
2017-07-01 15:06:31 UTC,43.46461697,-65.74533639,Carcinus maenas,European Green Crab,Marine Arthropods,Animalia,Arthropoda,Malacostraca,Decapoda,Carcinidae,Carcinus,Carcinus maenas
2017-07-04 01:45:11 UTC,43.46496259,-65.75364858,Carcinus maenas,European Green Crab,Marine Arthropods,Animalia,Arthropoda,Malacostraca,Decapoda,Carcinidae,Carcinus,Carcinus maenas
2017-07-04 17:14:19 UTC,43.46433633,-65.74468007,Carcinus maenas,European Green Crab,Marine Arthropods,Animalia,Arthropoda,Malacostraca,Decapoda,Carcinidae,Carcinus,Carcinus maenas
2017-08-01 00:21:57 UTC,43.46464333,-65.74567974,Carcinus maenas,European Green Crab,Marine Arthropods,Animalia,Arthropoda,Malacostraca,Decapoda,Carcinidae,Carcinus,Carcinus maenas
2018-08-19 15:55:40 UTC,43.47848338,-65.7598147,Carcinus maenas,European Green Crab,Marine Arthropods,Animalia,Arthropoda,Malacostraca,Decapoda,Carcinidae,Carcinus,Carcinus maenas
2019-01-17 17:47:36 UTC,43.46443001,-65.74528693,Sirex noctilio,European Woodwasp,Insects,Animalia,Arthropoda,Insecta,Hymenoptera,Siricidae,Sirex,Sirex noctilio
2017-08-26 13:52:02 UTC,43.47187717,-65.75118982,Mentha arvensis,Field Mint,Plants,Plantae,Tracheophyta,Magnoliopsida,Lamiales,Lamiaceae,Mentha,Mentha arvensis
2017-07-03 23:41:58 UTC,43.46430654,-65.7461518,Melampsorella caryophyllacearum,Fir Broom Rust,Fungi,Fungi,Basidiomycota,Pucciniomycetes,Pucciniales,Pucciniastraceae,Melampsorella,Melampsorella caryophyllacearum
2018-09-01 16:06:12 UTC,43.465217,-65.74709336,Usnea dasopoga,Fishbone Beard Lichen,Fungi,Fungi,Ascomycota,Lecanoromycetes,Lecanorales,Parmeliaceae,Usnea,Usnea dasopoga
2017-07-04 01:14:44 UTC,43.46410213,-65.74519157,Passerella iliaca,Fox Sparrow,Birds,Animalia,Chordata,Aves,Passeriformes,Passerellidae,Passerella,Passerella iliaca
2020-11-04 02:51:56 UTC,43.46860774,-65.75274333,Passerella iliaca,Fox Sparrow,Birds,Animalia,Chordata,Aves,Passeriformes,Passerellidae,Passerella,Passerella iliaca
2017-08-01 00:21:59 UTC,43.46417221,-65.74561,Passerella iliaca,Fox Sparrow,Birds,Animalia,Chordata,Aves,Passeriformes,Passerellidae,Passerella,Passerella iliaca
2018-08-26 13:28:28 UTC,43.47015812,-65.75154457,Hypericum fraseri,Fraser's Marsh St. John's-Wort,Plants,Plantae,Tracheophyta,Magnoliopsida,Malpighiales,Hypericaceae,Hypericum,Hypericum fraseri
2018-08-26 13:35:44 UTC,43.47017688,-65.75150197,Hypericum fraseri,Fraser's Marsh St. John's-Wort,Plants,Plantae,Tracheophyta,Magnoliopsida,Malpighiales,Hypericaceae,Hypericum,Hypericum fraseri
2018-08-26 14:16:43 UTC,43.47024985,-65.75148872,Hypericum fraseri,Fraser's Marsh St. John's-Wort,Plants,Plantae,Tracheophyta,Magnoliopsida,Malpighiales,Hypericaceae,Hypericum,Hypericum fraseri
2018-08-26 14:27:37 UTC,43.47019153,-65.75150759,Hypericum fraseri,Fraser's Marsh St. John's-Wort,Plants,Plantae,Tracheophyta,Magnoliopsida,Malpighiales,Hypericaceae,Hypericum,Hypericum fraseri
2018-08-27 13:55:28 UTC,43.466667,-65.75,Hypericum fraseri,Fraser's Marsh St. John's-Wort,Plants,Plantae,Tracheophyta,Magnoliopsida,Malpighiales,Hypericaceae,Hypericum,Hypericum fraseri
2018-08-27 15:45:45 UTC,43.47016274,-65.75154506,Hypericum fraseri,Fraser's Marsh St. John's-Wort,Plants,Plantae,Tracheophyta,Magnoliopsida,Malpighiales,Hypericaceae,Hypericum,Hypericum fraseri
2018-09-02 23:51:46 UTC,43.46801333,-65.74866333,Hypericum fraseri,Fraser's Marsh St. John's-Wort,Plants,Plantae,Tracheophyta,Magnoliopsida,Malpighiales,Hypericaceae,Hypericum,Hypericum fraseri
2018-09-03 11:34:21 UTC,43.4700539,-65.75157917,Hypericum fraseri,Fraser's Marsh St. John's-Wort,Plants,Plantae,Tracheophyta,Magnoliopsida,Malpighiales,Hypericaceae,Hypericum,Hypericum fraseri
2018-01-21 23:51:10 UTC,43.45987833,-65.74426333,Monotropa uniflora,Ghost Pipe,Plants,Plantae,Tracheophyta,Magnoliopsida,Ericales,Ericaceae,Monotropa,Monotropa uniflora
2018-07-02 19:38:44 UTC,43.46445055,-65.74684572,Regulus satrapa,Golden-crowned Kinglet,Birds,Animalia,Chordata,Aves,Passeriformes,Regulidae,Regulus,Regulus satrapa
2022-08-11 17:51:52 UTC,43.46482077,-65.74606027,Regulus satrapa,Golden-crowned Kinglet,Birds,Animalia,Chordata,Aves,Passeriformes,Regulidae,Regulus,Regulus satrapa
2018-09-03 00:06:39 UTC,43.46421167,-65.74949667,Austroboletus gracilis,Graceful Bolete,Fungi,Fungi,Basidiomycota,Agaricomycetes,Boletales,Boletaceae,Austroboletus,Austroboletus gracilis
2022-10-12 18:52:27 UTC,43.45957421,-65.74643351,Ammodramus savannarum,Grasshopper Sparrow,Birds,Animalia,Chordata,Aves,Passeriformes,Passerellidae,Ammodramus,Ammodramus savannarum
2017-02-03 23:58:04 UTC,43.4645055,-65.74461865,Larus marinus,Great Black-backed Gull,Birds,Animalia,Chordata,Aves,Charadriiformes,Laridae,Larus,Larus marinus
2017-05-09 04:05:33 UTC,43.46281621,-65.75298071,Larus marinus,Great Black-backed Gull,Birds,Animalia,Chordata,Aves,Charadriiformes,Laridae,Larus,Larus marinus
2017-07-04 02:04:32 UTC,43.47256606,-65.75451493,Larus marinus,Great Black-backed Gull,Birds,Animalia,Chordata,Aves,Charadriiformes,Laridae,Larus,Larus marinus
2017-08-01 00:21:55 UTC,43.46463359,-65.74551612,Larus marinus,Great Black-backed Gull,Birds,Animalia,Chordata,Aves,Charadriiformes,Laridae,Larus,Larus marinus
2021-01-19 19:39:05 UTC,43.47036111,-65.75601944,Larus marinus,Great Black-backed Gull,Birds,Animalia,Chordata,Aves,Charadriiformes,Laridae,Larus,Larus marinus
2021-07-06 23:03:27 UTC,43.46669832,-65.7500001,Larus marinus,Great Black-backed Gull,Birds,Animalia,Chordata,Aves,Charadriiformes,Laridae,Larus,Larus marinus
2021-03-13 02:20:52 UTC,43.47357397,-65.75469903,Bubo virginianus,Great Horned Owl,Birds,Animalia,Chordata,Aves,Strigiformes,Strigidae,Bubo,Bubo virginianus
2022-05-23 01:27:47 UTC,43.47532481,-65.75535439,Bubo virginianus,Great Horned Owl,Birds,Animalia,Chordata,Aves,Strigiformes,Strigidae,Bubo,Bubo virginianus
2019-01-15 22:10:48 UTC,43.46437844,-65.74564572,Argynnis cybele,Great Spangled Fritillary,Insects,Animalia,Arthropoda,Insecta,Lepidoptera,Nymphalidae,Argynnis,Argynnis cybele
2020-06-29 23:45:12 UTC,43.4666667,-65.75,Argynnis cybele,Great Spangled Fritillary,Insects,Animalia,Arthropoda,Insecta,Lepidoptera,Nymphalidae,Argynnis,Argynnis cybele
2017-07-04 01:01:27 UTC,43.46416443,-65.74995518,Urtica dioica,Great Stinging Nettle,Plants,Plantae,Tracheophyta,Magnoliopsida,Rosales,Urticaceae,Urtica,Urtica dioica
2018-08-26 12:49:46 UTC,43.46764437,-65.7476719,Urtica dioica,Great Stinging Nettle,Plants,Plantae,Tracheophyta,Magnoliopsida,Rosales,Urticaceae,Urtica,Urtica dioica
2018-08-26 12:50:30 UTC,43.46742261,-65.74750322,Urtica dioica,Great Stinging Nettle,Plants,Plantae,Tracheophyta,Magnoliopsida,Rosales,Urticaceae,Urtica,Urtica dioica
2018-08-26 14:14:09 UTC,43.46744838,-65.74736106,Urtica dioica,Great Stinging Nettle,Plants,Plantae,Tracheophyta,Magnoliopsida,Rosales,Urticaceae,Urtica,Urtica dioica
2018-08-26 14:26:23 UTC,43.46749528,-65.7474505,Urtica dioica,Great Stinging Nettle,Plants,Plantae,Tracheophyta,Magnoliopsida,Rosales,Urticaceae,Urtica,Urtica dioica
2018-08-26 17:21:47 UTC,43.46762167,-65.74764167,Urtica dioica,Great Stinging Nettle,Plants,Plantae,Tracheophyta,Magnoliopsida,Rosales,Urticaceae,Urtica,Urtica dioica
2018-08-26 19:29:50 UTC,43.46752167,-65.74742833,Urtica dioica,Great Stinging Nettle,Plants,Plantae,Tracheophyta,Magnoliopsida,Rosales,Urticaceae,Urtica,Urtica dioica
2018-08-26 20:27:02 UTC,43.466667,-65.75,Urtica dioica,Great Stinging Nettle,Plants,Plantae,Tracheophyta,Magnoliopsida,Rosales,Urticaceae,Urtica,Urtica dioica
2018-08-26 23:19:03 UTC,43.46528772,-65.74626935,Urtica dioica,Great Stinging Nettle,Plants,Plantae,Tracheophyta,Magnoliopsida,Rosales,Urticaceae,Urtica,Urtica dioica
2018-09-02 23:55:37 UTC,43.46742167,-65.74761167,Urtica dioica,Great Stinging Nettle,Plants,Plantae,Tracheophyta,Magnoliopsida,Rosales,Urticaceae,Urtica,Urtica dioica
2021-07-01 14:38:35 UTC,43.46669832,-65.7500001,Urtica dioica,Great Stinging Nettle,Plants,Plantae,Tracheophyta,Magnoliopsida,Rosales,Urticaceae,Urtica,Urtica dioica
2018-08-25 20:03:55 UTC,43.46967316,-65.75392151,Urtica dioica,Great Stinging Nettle,Plants,Plantae,Tracheophyta,Magnoliopsida,Rosales,Urticaceae,Urtica,Urtica dioica
2017-05-05 13:44:31 UTC,43.48055963,-65.75536251,Tringa melanoleuca,Greater Yellowlegs,Birds,Animalia,Chordata,Aves,Charadriiformes,Scolopacidae,Tringa,Tringa melanoleuca
2018-07-02 19:38:42 UTC,43.46456736,-65.74674916,Dumetella carolinensis,Grey Catbird,Birds,Animalia,Chordata,Aves,Passeriformes,Mimidae,Dumetella,Dumetella carolinensis
2017-07-04 02:04:29 UTC,43.47002,-65.75437546,Halichoerus grypus,Grey Seal,Mammals,Animalia,Chordata,Mammalia,Carnivora,Phocidae,Halichoerus,Halichoerus grypus
2017-07-04 02:14:54 UTC,43.45732702,-65.74302435,Halichoerus grypus,Grey Seal,Mammals,Animalia,Chordata,Mammalia,Carnivora,Phocidae,Halichoerus,Halichoerus grypus
2019-01-17 17:47:35 UTC,43.47948306,-65.76036973,Halichoerus grypus,Grey Seal,Mammals,Animalia,Chordata,Mammalia,Carnivora,Phocidae,Halichoerus,Halichoerus grypus
2021-07-01 14:50:31 UTC,43.46669832,-65.7500001,Halichoerus grypus,Grey Seal,Mammals,Animalia,Chordata,Mammalia,Carnivora,Phocidae,Halichoerus,Halichoerus grypus
2019-01-15 22:10:43 UTC,43.48131183,-65.76055228,Halichoerus grypus,Grey Seal,Mammals,Animalia,Chordata,Mammalia,Carnivora,Phocidae,Halichoerus,Halichoerus grypus
2018-09-05 13:15:32 UTC,43.46403833,-65.74787833,Amanita vaginata,Grisette,Fungi,Fungi,Basidiomycota,Agaricomycetes,Agaricales,Amanitaceae,Amanita,Amanita vaginata
2018-08-18 20:00:41 UTC,43.45698166,-65.74346924,Atriplex prostrata calotheca,Halberdleaf Orach,Plants,Plantae,Tracheophyta,Magnoliopsida,Caryophyllales,Amaranthaceae,Atriplex,Atriplex prostrata
2023-05-08 21:27:00 UTC,43.45833197,-65.74353286,Bombus vagans,Half-black Bumble Bee,Insects,Animalia,Arthropoda,Insecta,Hymenoptera,Apidae,Bombus,Bombus vagans
2019-01-15 22:10:31 UTC,43.46182946,-65.74307307,Phoca vitulina,Harbour Seal,Mammals,Animalia,Chordata,Mammalia,Carnivora,Phocidae,Phoca,Phoca vitulina
2019-01-15 22:10:45 UTC,43.45635905,-65.74277012,Phoca vitulina,Harbour Seal,Mammals,Animalia,Chordata,Mammalia,Carnivora,Phocidae,Phoca,Phoca vitulina
2018-07-12 00:48:39 UTC,43.46289108,-65.7454636,Neottia cordata,Heartleaf Twayblade,Plants,Plantae,Tracheophyta,Liliopsida,Asparagales,Orchidaceae,Neottia,Neottia cordata
2018-09-23 01:44:48 UTC,43.46517563,-65.74776459,Lambdina fiscellaria,Hemlock Looper Moth,Insects,Animalia,Arthropoda,Insecta,Lepidoptera,Geometridae,Lambdina,Lambdina fiscellaria
2018-08-20 19:09:34 UTC,43.4591713,-65.74323273,Geranium robertianum,Herb Robert,Plants,Plantae,Tracheophyta,Magnoliopsida,Geraniales,Geraniaceae,Geranium,Geranium robertianum
2018-08-21 15:53:52 UTC,43.45818778,-65.74299603,Geranium robertianum,Herb Robert,Plants,Plantae,Tracheophyta,Magnoliopsida,Geraniales,Geraniaceae,Geranium,Geranium robertianum
2018-09-04 13:08:11 UTC,43.46033667,-65.74327167,Geranium robertianum,Herb Robert,Plants,Plantae,Tracheophyta,Magnoliopsida,Geraniales,Geraniaceae,Geranium,Geranium robertianum
2021-06-29 19:41:09 UTC,43.48008561,-65.7547114,Geranium robertianum,Herb Robert,Plants,Plantae,Tracheophyta,Magnoliopsida,Geraniales,Geraniaceae,Geranium,Geranium robertianum
2021-07-09 00:10:07 UTC,43.45945214,-65.74306601,Geranium robertianum,Herb Robert,Plants,Plantae,Tracheophyta,Magnoliopsida,Geraniales,Geraniaceae,Geranium,Geranium robertianum
2023-06-11 14:46:09 UTC,43.47997097,-65.75408503,Geranium robertianum,Herb Robert,Plants,Plantae,Tracheophyta,Magnoliopsida,Geraniales,Geraniaceae,Geranium,Geranium robertianum
2023-06-23 10:42:56 UTC,43.4722,-65.751225,Geranium robertianum,Herb Robert,Plants,Plantae,Tracheophyta,Magnoliopsida,Geraniales,Geraniaceae,Geranium,Geranium robertianum
2023-07-16 01:27:05 UTC,43.45948253,-65.74324251,Geranium robertianum,Herb Robert,Plants,Plantae,Tracheophyta,Magnoliopsida,Geraniales,Geraniaceae,Geranium,Geranium robertianum
2022-08-10 22:11:43 UTC,43.46475733,-65.74610698,Catharus guttatus,Hermit Thrush,Birds,Animalia,Chordata,Aves,Passeriformes,Turdidae,Catharus,Catharus guttatus
2019-06-10 12:21:12 UTC,43.47040006,-65.7527782,Larus argentatus,Herring Gull,Birds,Animalia,Chordata,Aves,Charadriiformes,Laridae,Larus,Larus argentatus
2017-08-01 00:22:00 UTC,43.46460829,-65.74589968,Larus argentatus,Herring Gull,Birds,Animalia,Chordata,Aves,Charadriiformes,Laridae,Larus,Larus argentatus
2021-07-01 15:03:22 UTC,43.46669832,-65.7500001,Larus argentatus,Herring Gull,Birds,Animalia,Chordata,Aves,Charadriiformes,Laridae,Larus,Larus argentatus
2018-08-20 15:04:55 UTC,43.46408,-65.74558833,Lophocampa caryae,Hickory Tussock Moth,Insects,Animalia,Arthropoda,Insecta,Lepidoptera,Erebidae,Lophocampa,Lophocampa caryae
2017-07-01 14:52:53 UTC,43.46357276,-65.74516165,Carex canescens,Hoary Sedge,Plants,Plantae,Tracheophyta,Liliopsida,Poales,Cyperaceae,Carex,Carex canescens
2018-09-01 16:06:59 UTC,43.45849071,-65.74378922,Physcia adscendens,Hooded Rosette Lichen,Fungi,Fungi,Ascomycota,Lecanoromycetes,Caliciales,Physciaceae,Physcia,Physcia adscendens
2018-08-26 18:19:59 UTC,43.46534667,-65.74790333,Dryopteris intermedia,Intermediate Wood Fern,Plants,Plantae,Tracheophyta,Polypodiopsida,Polypodiales,Dryopteridaceae,Dryopteris,Dryopteris intermedia
2017-07-04 01:45:15 UTC,43.46498011,-65.75359225,Chondrus crispus,Irish Moss,Plants,Plantae,Rhodophyta,Florideophyceae,Gigartinales,Gigartinaceae,Chondrus,Chondrus crispus
2018-08-05 23:43:59 UTC,43.46691076,-65.75329819,Chondrus crispus,Irish Moss,Plants,Plantae,Rhodophyta,Florideophyceae,Gigartinales,Gigartinaceae,Chondrus,Chondrus crispus
2018-09-03 01:07:07 UTC,43.45688833,-65.74337,Chondrus crispus,Irish Moss,Plants,Plantae,Rhodophyta,Florideophyceae,Gigartinales,Gigartinaceae,Chondrus,Chondrus crispus
2018-09-03 01:07:51 UTC,43.4689,-65.75357,Chondrus crispus,Irish Moss,Plants,Plantae,Rhodophyta,Florideophyceae,Gigartinales,Gigartinaceae,Chondrus,Chondrus crispus
2019-01-15 22:10:32 UTC,43.45939976,-65.74312722,Raphanus raphanistrum,Jointed Charlock,Plants,Plantae,Tracheophyta,Magnoliopsida,Brassicales,Brassicaceae,Raphanus,Raphanus raphanistrum
2021-07-17 22:03:57 UTC,43.48103853,-65.75674318,Raphanus raphanistrum,Jointed Charlock,Plants,Plantae,Tracheophyta,Magnoliopsida,Brassicales,Brassicaceae,Raphanus,Raphanus raphanistrum
2017-07-04 01:45:11 UTC,43.4649003,-65.75332403,Cancer borealis,Jonah Crab,Marine Arthropods,Animalia,Arthropoda,Malacostraca,Decapoda,Cancridae,Cancer,Cancer borealis
2021-01-19 19:39:05 UTC,43.46294444,-65.75296111,Cancer borealis,Jonah Crab,Marine Arthropods,Animalia,Arthropoda,Malacostraca,Decapoda,Cancridae,Cancer,Cancer borealis
2021-07-01 14:47:45 UTC,43.46669832,-65.7500001,Cancer borealis,Jonah Crab,Marine Arthropods,Animalia,Arthropoda,Malacostraca,Decapoda,Cancridae,Cancer,Cancer borealis
2017-07-04 17:16:56 UTC,43.46264177,-65.75239151,Ascophyllum nodosum,Knotted Wrack,Chromista,Chromista,Ochrophyta,Phaeophyceae,Fucales,Fucaceae,Ascophyllum,Ascophyllum nodosum
2017-07-04 17:17:30 UTC,43.46248676,-65.75237587,Ascophyllum nodosum,Knotted Wrack,Chromista,Chromista,Ochrophyta,Phaeophyceae,Fucales,Fucaceae,Ascophyllum,Ascophyllum nodosum
2018-09-03 00:52:09 UTC,43.45578,-65.74456167,Ascophyllum nodosum,Knotted Wrack,Chromista,Chromista,Ochrophyta,Phaeophyceae,Fucales,Fucaceae,Ascophyllum,Ascophyllum nodosum
2018-09-03 00:55:36 UTC,43.46306167,-65.75254667,Ascophyllum nodosum,Knotted Wrack,Chromista,Chromista,Ochrophyta,Phaeophyceae,Fucales,Fucaceae,Ascophyllum,Ascophyllum nodosum
2018-09-27 00:21:06 UTC,43.46451667,-65.74540833,Ascophyllum nodosum,Knotted Wrack,Chromista,Chromista,Ochrophyta,Phaeophyceae,Fucales,Fucaceae,Ascophyllum,Ascophyllum nodosum
2019-09-16 16:30:52 UTC,43.47351333,-65.75845333,Ascophyllum nodosum,Knotted Wrack,Chromista,Chromista,Ochrophyta,Phaeophyceae,Fucales,Fucaceae,Ascophyllum,Ascophyllum nodosum
2019-10-02 16:06:16 UTC,43.46737069,-65.75151828,Ascophyllum nodosum,Knotted Wrack,Chromista,Chromista,Ochrophyta,Phaeophyceae,Fucales,Fucaceae,Ascophyllum,Ascophyllum nodosum
2021-07-01 15:10:14 UTC,43.46669832,-65.7500001,Ascophyllum nodosum,Knotted Wrack,Chromista,Chromista,Ochrophyta,Phaeophyceae,Fucales,Fucaceae,Ascophyllum,Ascophyllum nodosum
2019-01-15 22:10:45 UTC,43.46431135,-65.74582169,Sphinx kalmiae,Laurel Sphinx,Insects,Animalia,Arthropoda,Insecta,Lepidoptera,Sphingidae,Sphinx,Sphinx kalmiae
2023-06-28 17:47:04 UTC,43.4666667,-65.75,Sphinx kalmiae,Laurel Sphinx,Insects,Animalia,Arthropoda,Insecta,Lepidoptera,Sphingidae,Sphinx,Sphinx kalmiae
2017-04-03 12:51:04 UTC,43.46370833,-65.748505,Hydrobates leucorhous,Leach's Storm-Petrel,Birds,Animalia,Chordata,Aves,Procellariiformes,Hydrobatidae,Hydrobates,Hydrobates leucorhous
2017-07-04 02:14:54 UTC,43.46398532,-65.74708521,Hydrobates leucorhous,Leach's Storm-Petrel,Birds,Animalia,Chordata,Aves,Procellariiformes,Hydrobatidae,Hydrobates,Hydrobates leucorhous
2019-07-06 23:29:06 UTC,43.46440744,-65.74722281,Hydrobates leucorhous,Leach's Storm-Petrel,Birds,Animalia,Chordata,Aves,Procellariiformes,Hydrobatidae,Hydrobates,Hydrobates leucorhous
2019-08-24 23:00:57 UTC,43.45739879,-65.74352002,Hydrobates leucorhous,Leach's Storm-Petrel,Birds,Animalia,Chordata,Aves,Procellariiformes,Hydrobatidae,Hydrobates,Hydrobates leucorhous
2020-02-18 14:17:31 UTC,43.4666667,-65.75,Hydrobates leucorhous,Leach's Storm-Petrel,Birds,Animalia,Chordata,Aves,Procellariiformes,Hydrobatidae,Hydrobates,Hydrobates leucorhous
2021-07-02 02:39:25 UTC,43.46382212,-65.74557615,Hydrobates leucorhous,Leach's Storm-Petrel,Birds,Animalia,Chordata,Aves,Procellariiformes,Hydrobatidae,Hydrobates,Hydrobates leucorhous
2023-07-20 12:15:31 UTC,43.46391503,-65.74569489,Hydrobates leucorhous,Leach's Storm-Petrel,Birds,Animalia,Chordata,Aves,Procellariiformes,Hydrobatidae,Hydrobates,Hydrobates leucorhous
2018-08-19 20:53:11 UTC,43.45692062,-65.74323273,Stellaria graminea,Lesser Stitchwort,Plants,Plantae,Tracheophyta,Magnoliopsida,Caryophyllales,Caryophyllaceae,Stellaria,Stellaria graminea
2019-01-17 18:23:34 UTC,43.46380778,-65.74514691,Stellaria graminea,Lesser Stitchwort,Plants,Plantae,Tracheophyta,Magnoliopsida,Caryophyllales,Caryophyllaceae,Stellaria,Stellaria graminea
2018-11-08 15:55:19 UTC,43.47176,-65.756344,Tringa flavipes,Lesser Yellowlegs,Birds,Animalia,Chordata,Aves,Charadriiformes,Scolopacidae,Tringa,Tringa flavipes
2017-07-04 17:16:01 UTC,43.46349156,-65.74910562,Lichenomphalia umbellifera,Lichen Agaric,Fungi,Fungi,Basidiomycota,Agaricomycetes,Agaricales,Hygrophoraceae,Lichenomphalia,Lichenomphalia umbellifera
2017-07-04 01:14:45 UTC,43.46399311,-65.74853897,Vaccinium angustifolium,Lowbush Blueberry,Plants,Plantae,Tracheophyta,Magnoliopsida,Ericales,Ericaceae,Vaccinium,Vaccinium angustifolium
2022-08-11 17:51:51 UTC,43.46499751,-65.74640572,Setophaga magnolia,Magnolia Warbler,Birds,Animalia,Chordata,Aves,Passeriformes,Parulidae,Setophaga,Setophaga magnolia
2019-01-15 22:10:35 UTC,43.48140037,-65.75775846,Thamnophis sirtalis pallidulus,Maritime Garter Snake,Reptiles,Animalia,Chordata,Reptilia,Squamata,Colubridae,Thamnophis,Thamnophis sirtalis
2019-01-17 17:47:38 UTC,43.46448414,-65.74625326,Thamnophis sirtalis pallidulus,Maritime Garter Snake,Reptiles,Animalia,Chordata,Reptilia,Squamata,Colubridae,Thamnophis,Thamnophis sirtalis
2022-05-15 02:23:17 UTC,43.4666667,-65.75,Thamnophis sirtalis pallidulus,Maritime Garter Snake,Reptiles,Animalia,Chordata,Reptilia,Squamata,Colubridae,Thamnophis,Thamnophis sirtalis
2023-07-22 16:14:36 UTC,43.47423632,-65.75348309,Thamnophis sirtalis pallidulus,Maritime Garter Snake,Reptiles,Animalia,Chordata,Reptilia,Squamata,Colubridae,Thamnophis,Thamnophis sirtalis
2018-08-21 17:32:54 UTC,43.45857167,-65.74307167,Pseudochorthippus curtipennis,Marsh Meadow Grasshopper,Insects,Animalia,Arthropoda,Insecta,Orthoptera,Acrididae,Pseudochorthippus,Pseudochorthippus curtipennis
2017-05-10 04:48:27 UTC,43.45927085,-65.74936295,Scutellaria galericulata,Marsh Skullcap,Plants,Plantae,Tracheophyta,Magnoliopsida,Lamiales,Lamiaceae,Scutellaria,Scutellaria galericulata
2018-08-18 22:06:29 UTC,43.45698166,-65.74340057,Scutellaria galericulata,Marsh Skullcap,Plants,Plantae,Tracheophyta,Magnoliopsida,Lamiales,Lamiaceae,Scutellaria,Scutellaria galericulata
2018-08-26 12:29:54 UTC,43.46746443,-65.74732481,Scutellaria galericulata,Marsh Skullcap,Plants,Plantae,Tracheophyta,Magnoliopsida,Lamiales,Lamiaceae,Scutellaria,Scutellaria galericulata
2018-08-26 12:37:38 UTC,43.46749214,-65.74741817,Scutellaria galericulata,Marsh Skullcap,Plants,Plantae,Tracheophyta,Magnoliopsida,Lamiales,Lamiaceae,Scutellaria,Scutellaria galericulata
2018-08-26 12:37:52 UTC,43.46726733,-65.74689294,Scutellaria galericulata,Marsh Skullcap,Plants,Plantae,Tracheophyta,Magnoliopsida,Lamiales,Lamiaceae,Scutellaria,Scutellaria galericulata
2018-08-26 14:14:45 UTC,43.4673991,-65.7475729,Scutellaria galericulata,Marsh Skullcap,Plants,Plantae,Tracheophyta,Magnoliopsida,Lamiales,Lamiaceae,Scutellaria,Scutellaria galericulata
2018-08-26 14:26:49 UTC,43.46751426,-65.74748939,Scutellaria galericulata,Marsh Skullcap,Plants,Plantae,Tracheophyta,Magnoliopsida,Lamiales,Lamiaceae,Scutellaria,Scutellaria galericulata
2018-08-26 16:49:28 UTC,43.46762833,-65.74763667,Scutellaria galericulata,Marsh Skullcap,Plants,Plantae,Tracheophyta,Magnoliopsida,Lamiales,Lamiaceae,Scutellaria,Scutellaria galericulata
2018-08-26 19:28:57 UTC,43.45690424,-65.74349273,Scutellaria galericulata,Marsh Skullcap,Plants,Plantae,Tracheophyta,Magnoliopsida,Lamiales,Lamiaceae,Scutellaria,Scutellaria galericulata
2018-08-26 20:27:41 UTC,43.466667,-65.75,Scutellaria galericulata,Marsh Skullcap,Plants,Plantae,Tracheophyta,Magnoliopsida,Lamiales,Lamiaceae,Scutellaria,Scutellaria galericulata
2018-08-26 23:05:53 UTC,43.4666943,-65.74688595,Scutellaria galericulata,Marsh Skullcap,Plants,Plantae,Tracheophyta,Magnoliopsida,Lamiales,Lamiaceae,Scutellaria,Scutellaria galericulata
2018-08-27 15:42:37 UTC,43.46746741,-65.74740808,Scutellaria galericulata,Marsh Skullcap,Plants,Plantae,Tracheophyta,Magnoliopsida,Lamiales,Lamiaceae,Scutellaria,Scutellaria galericulata
2018-09-02 23:56:02 UTC,43.46745333,-65.74742167,Scutellaria galericulata,Marsh Skullcap,Plants,Plantae,Tracheophyta,Magnoliopsida,Lamiales,Lamiaceae,Scutellaria,Scutellaria galericulata
2018-09-03 00:56:38 UTC,43.45709667,-65.74796333,Scutellaria galericulata,Marsh Skullcap,Plants,Plantae,Tracheophyta,Magnoliopsida,Lamiales,Lamiaceae,Scutellaria,Scutellaria galericulata
2018-09-03 11:33:47 UTC,43.46744038,-65.74734145,Scutellaria galericulata,Marsh Skullcap,Plants,Plantae,Tracheophyta,Magnoliopsida,Lamiales,Lamiaceae,Scutellaria,Scutellaria galericulata
2022-09-04 10:11:43 UTC,43.4626766,-65.75209692,Scutellaria galericulata,Marsh Skullcap,Plants,Plantae,Tracheophyta,Magnoliopsida,Lamiales,Lamiaceae,Scutellaria,Scutellaria galericulata
2019-01-15 22:10:29 UTC,43.46414226,-65.74572309,Sorex cinereus,Masked Shrew,Mammals,Animalia,Chordata,Mammalia,Eulipotyphla,Soricidae,Sorex,Sorex cinereus
2019-01-15 22:10:24 UTC,43.45870248,-65.74325865,Microtus pennsylvanicus,Meadow Vole,Mammals,Animalia,Chordata,Mammalia,Rodentia,Cricetidae,Microtus,Microtus pennsylvanicus
2019-12-26 15:57:33 UTC,43.46406312,-65.74536446,Microtus pennsylvanicus,Meadow Vole,Mammals,Animalia,Chordata,Mammalia,Rodentia,Cricetidae,Microtus,Microtus pennsylvanicus
2018-08-23 19:43:21 UTC,43.45619583,-65.74411774,Danaus plexippus,Monarch,Insects,Animalia,Arthropoda,Insecta,Lepidoptera,Nymphalidae,Danaus,Danaus plexippus
2019-10-02 16:16:02 UTC,43.46773323,-65.75077498,Danaus plexippus,Monarch,Insects,Animalia,Arthropoda,Insecta,Lepidoptera,Nymphalidae,Danaus,Danaus plexippus
2020-06-29 23:45:09 UTC,43.4666667,-65.75,Danaus plexippus,Monarch,Insects,Animalia,Arthropoda,Insecta,Lepidoptera,Nymphalidae,Danaus,Danaus plexippus
2020-06-29 23:45:16 UTC,43.4666667,-65.75,Danaus plexippus,Monarch,Insects,Animalia,Arthropoda,Insecta,Lepidoptera,Nymphalidae,Danaus,Danaus plexippus
2022-03-10 14:35:27 UTC,43.4666667,-65.75,Danaus plexippus,Monarch,Insects,Animalia,Arthropoda,Insecta,Lepidoptera,Nymphalidae,Danaus,Danaus plexippus
2022-11-05 18:33:36 UTC,43.4666667,-65.75,Danaus plexippus,Monarch,Insects,Animalia,Arthropoda,Insecta,Lepidoptera,Nymphalidae,Danaus,Danaus plexippus
2017-07-04 01:01:30 UTC,43.46475624,-65.7507062,Oxalis montana,Mountain Woodsorrel,Plants,Plantae,Tracheophyta,Magnoliopsida,Oxalidales,Oxalidaceae,Oxalis,Oxalis montana
2018-08-26 14:16:23 UTC,43.46639399,-65.7511015,Oxalis montana,Mountain Woodsorrel,Plants,Plantae,Tracheophyta,Magnoliopsida,Oxalidales,Oxalidaceae,Oxalis,Oxalis montana
2018-08-26 14:25:37 UTC,43.46535,-65.74787833,Oxalis montana,Mountain Woodsorrel,Plants,Plantae,Tracheophyta,Magnoliopsida,Oxalidales,Oxalidaceae,Oxalis,Oxalis montana
2018-08-26 17:32:21 UTC,43.46430697,-65.74885304,Oxalis montana,Mountain Woodsorrel,Plants,Plantae,Tracheophyta,Magnoliopsida,Oxalidales,Oxalidaceae,Oxalis,Oxalis montana
2023-07-09 19:20:14 UTC,43.46428561,-65.74914381,Oxalis montana,Mountain Woodsorrel,Plants,Plantae,Tracheophyta,Magnoliopsida,Oxalidales,Oxalidaceae,Oxalis,Oxalis montana
2019-01-16 16:51:25 UTC,43.46511076,-65.74944784,Nymphalis antiopa,Mourning Cloak,Insects,Animalia,Arthropoda,Insecta,Lepidoptera,Nymphalidae,Nymphalis,Nymphalis antiopa
2022-08-30 12:15:37 UTC,43.46046199,-65.75089252,Symphyotrichum novi-belgii,New York Aster,Plants,Plantae,Tracheophyta,Magnoliopsida,Asterales,Asteraceae,Symphyotrichum,Symphyotrichum novi-belgii
2019-01-15 22:10:23 UTC,43.46451575,-65.74583893,Monochamus notatus,Northeastern Pine Sawyer Beetle,Insects,Animalia,Arthropoda,Insecta,Coleoptera,Cerambycidae,Monochamus,Monochamus notatus
2017-07-04 01:45:14 UTC,43.46496259,-65.75360298,Semibalanus balanoides,Northern Acorn Barnacle,Marine Arthropods,Animalia,Arthropoda,Hexanauplia,Balanomorpha,Balanidae,Semibalanus,Semibalanus balanoides
2017-07-04 17:17:19 UTC,43.46260136,-65.75239598,Semibalanus balanoides,Northern Acorn Barnacle,Marine Arthropods,Animalia,Arthropoda,Hexanauplia,Balanomorpha,Balanidae,Semibalanus,Semibalanus balanoides
2017-05-11 05:52:55 UTC,43.45892975,-65.75066757,Morella pensylvanica,Northern Bayberry,Plants,Plantae,Tracheophyta,Magnoliopsida,Fagales,Myricaceae,Morella,Morella pensylvanica
2017-07-03 23:42:00 UTC,43.46433379,-65.74683845,Morella pensylvanica,Northern Bayberry,Plants,Plantae,Tracheophyta,Magnoliopsida,Fagales,Myricaceae,Morella,Morella pensylvanica
2018-08-26 13:00:31 UTC,43.467933,-65.74862138,Morella pensylvanica,Northern Bayberry,Plants,Plantae,Tracheophyta,Magnoliopsida,Fagales,Myricaceae,Morella,Morella pensylvanica
2018-08-26 13:03:31 UTC,43.46213567,-65.74758386,Morella pensylvanica,Northern Bayberry,Plants,Plantae,Tracheophyta,Magnoliopsida,Fagales,Myricaceae,Morella,Morella pensylvanica
2018-08-26 13:07:15 UTC,43.46799962,-65.74863201,Morella pensylvanica,Northern Bayberry,Plants,Plantae,Tracheophyta,Magnoliopsida,Fagales,Myricaceae,Morella,Morella pensylvanica
2018-08-26 14:15:00 UTC,43.46789836,-65.74870074,Morella pensylvanica,Northern Bayberry,Plants,Plantae,Tracheophyta,Magnoliopsida,Fagales,Myricaceae,Morella,Morella pensylvanica
2018-08-26 17:59:24 UTC,43.46800333,-65.74866333,Morella pensylvanica,Northern Bayberry,Plants,Plantae,Tracheophyta,Magnoliopsida,Fagales,Myricaceae,Morella,Morella pensylvanica
2018-08-27 15:44:46 UTC,43.4679342,-65.74862748,Morella pensylvanica,Northern Bayberry,Plants,Plantae,Tracheophyta,Magnoliopsida,Fagales,Myricaceae,Morella,Morella pensylvanica
2018-09-02 23:49:43 UTC,43.46800333,-65.74868833,Morella pensylvanica,Northern Bayberry,Plants,Plantae,Tracheophyta,Magnoliopsida,Fagales,Myricaceae,Morella,Morella pensylvanica
2018-09-03 11:34:11 UTC,43.46786718,-65.74860636,Morella pensylvanica,Northern Bayberry,Plants,Plantae,Tracheophyta,Magnoliopsida,Fagales,Myricaceae,Morella,Morella pensylvanica
2018-09-04 13:07:58 UTC,43.46416632,-65.74742527,Morella pensylvanica,Northern Bayberry,Plants,Plantae,Tracheophyta,Magnoliopsida,Fagales,Myricaceae,Morella,Morella pensylvanica
2018-11-08 15:55:24 UTC,43.456905,-65.743149,Morella pensylvanica,Northern Bayberry,Plants,Plantae,Tracheophyta,Magnoliopsida,Fagales,Myricaceae,Morella,Morella pensylvanica
2021-07-01 15:26:20 UTC,43.46669832,-65.7500001,Morella pensylvanica,Northern Bayberry,Plants,Plantae,Tracheophyta,Magnoliopsida,Fagales,Myricaceae,Morella,Morella pensylvanica
2022-08-29 00:24:32 UTC,43.45684729,-65.74319006,Morella pensylvanica,Northern Bayberry,Plants,Plantae,Tracheophyta,Magnoliopsida,Fagales,Myricaceae,Morella,Morella pensylvanica
2017-02-04 00:18:24 UTC,43.46195909,-65.74398565,Iris versicolor,Northern Blue Flag,Plants,Plantae,Tracheophyta,Liliopsida,Asparagales,Iridaceae,Iris,Iris versicolor
2017-07-01 15:11:14 UTC,43.46426401,-65.74562467,Iris versicolor,Northern Blue Flag,Plants,Plantae,Tracheophyta,Liliopsida,Asparagales,Iridaceae,Iris,Iris versicolor
2017-07-03 23:41:58 UTC,43.46435715,-65.74566901,Iris versicolor,Northern Blue Flag,Plants,Plantae,Tracheophyta,Liliopsida,Asparagales,Iridaceae,Iris,Iris versicolor
2017-07-04 17:19:33 UTC,43.46478995,-65.7460104,Iris versicolor,Northern Blue Flag,Plants,Plantae,Tracheophyta,Liliopsida,Asparagales,Iridaceae,Iris,Iris versicolor
2017-08-01 00:21:55 UTC,43.46449537,-65.74566901,Iris versicolor,Northern Blue Flag,Plants,Plantae,Tracheophyta,Liliopsida,Asparagales,Iridaceae,Iris,Iris versicolor
2019-01-17 17:47:41 UTC,43.46441069,-65.7458487,Iris versicolor,Northern Blue Flag,Plants,Plantae,Tracheophyta,Liliopsida,Asparagales,Iridaceae,Iris,Iris versicolor
2021-06-29 23:12:52 UTC,43.48107405,-65.75680822,Iris versicolor,Northern Blue Flag,Plants,Plantae,Tracheophyta,Liliopsida,Asparagales,Iridaceae,Iris,Iris versicolor
2021-07-01 12:42:35 UTC,43.46440183,-65.74571543,Iris versicolor,Northern Blue Flag,Plants,Plantae,Tracheophyta,Liliopsida,Asparagales,Iridaceae,Iris,Iris versicolor
2021-07-01 14:30:08 UTC,43.46669832,-65.7500001,Iris versicolor,Northern Blue Flag,Plants,Plantae,Tracheophyta,Liliopsida,Asparagales,Iridaceae,Iris,Iris versicolor
2018-08-20 18:16:03 UTC,43.46808243,-65.75315857,Lycopus uniflorus,Northern Bugleweed,Plants,Plantae,Tracheophyta,Magnoliopsida,Lamiales,Lamiaceae,Lycopus,Lycopus uniflorus
2020-11-04 02:57:02 UTC,43.4687732,-65.75062104,Setophaga americana,Northern Parula,Birds,Animalia,Chordata,Aves,Passeriformes,Parulidae,Setophaga,Setophaga americana
2019-08-24 13:26:10 UTC,43.45628357,-65.74337006,Storeria occipitomaculata,Northern Redbelly Snake,Reptiles,Animalia,Chordata,Reptilia,Squamata,Colubridae,Storeria,Storeria occipitomaculata
2022-10-24 22:52:14 UTC,43.4640374,-65.74591007,Storeria occipitomaculata,Northern Redbelly Snake,Reptiles,Animalia,Chordata,Reptilia,Squamata,Colubridae,Storeria,Storeria occipitomaculata
2017-07-04 22:36:02 UTC,43.46193219,-65.75034332,Storeria occipitomaculata,Northern Redbelly Snake,Reptiles,Animalia,Chordata,Reptilia,Squamata,Colubridae,Storeria,Storeria occipitomaculata
2023-07-17 02:08:18 UTC,43.464355,-65.74565833,Storeria occipitomaculata,Northern Redbelly Snake,Reptiles,Animalia,Chordata,Reptilia,Squamata,Colubridae,Storeria,Storeria occipitomaculata
2023-07-18 02:19:17 UTC,43.46428667,-65.74562833,Storeria occipitomaculata,Northern Redbelly Snake,Reptiles,Animalia,Chordata,Reptilia,Squamata,Colubridae,Storeria,Storeria occipitomaculata
2017-07-04 01:01:32 UTC,43.46505214,-65.75047016,Lysimachia borealis,Northern Starflower,Plants,Plantae,Tracheophyta,Magnoliopsida,Ericales,Primulaceae,Lysimachia,Lysimachia borealis
2018-08-26 14:46:14 UTC,43.4653103,-65.74783843,Lysimachia borealis,Northern Starflower,Plants,Plantae,Tracheophyta,Magnoliopsida,Ericales,Primulaceae,Lysimachia,Lysimachia borealis
2019-01-17 18:23:31 UTC,43.47714266,-65.75319599,Lysimachia borealis,Northern Starflower,Plants,Plantae,Tracheophyta,Magnoliopsida,Ericales,Primulaceae,Lysimachia,Lysimachia borealis
2019-01-17 18:23:31 UTC,43.47722004,-65.7531806,Lysimachia borealis,Northern Starflower,Plants,Plantae,Tracheophyta,Magnoliopsida,Ericales,Primulaceae,Lysimachia,Lysimachia borealis
2021-06-16 15:07:09 UTC,43.46162833,-65.747025,Lysimachia borealis,Northern Starflower,Plants,Plantae,Tracheophyta,Magnoliopsida,Ericales,Primulaceae,Lysimachia,Lysimachia borealis
2021-07-01 18:53:38 UTC,43.46669832,-65.7500001,Lysimachia borealis,Northern Starflower,Plants,Plantae,Tracheophyta,Magnoliopsida,Ericales,Primulaceae,Lysimachia,Lysimachia borealis
2017-07-01 15:30:37 UTC,43.46441103,-65.74710445,Viburnum cassinoides,Northern Wild Raisin,Plants,Plantae,Tracheophyta,Magnoliopsida,Dipsacales,Viburnaceae,Viburnum,Viburnum cassinoides
2017-07-04 01:01:26 UTC,43.46442529,-65.74731052,Viburnum cassinoides,Northern Wild Raisin,Plants,Plantae,Tracheophyta,Magnoliopsida,Dipsacales,Viburnaceae,Viburnum,Viburnum cassinoides
2019-01-15 22:10:22 UTC,43.46435552,-65.74713607,Viburnum cassinoides,Northern Wild Raisin,Plants,Plantae,Tracheophyta,Magnoliopsida,Dipsacales,Viburnaceae,Viburnum,Viburnum cassinoides
2018-09-03 00:48:54 UTC,43.45700833,-65.74317167,Laminaria digitata,Oarweed,Chromista,Chromista,Ochrophyta,Phaeophyceae,Laminariales,Laminariaceae,Laminaria,Laminaria digitata
2018-09-03 00:49:07 UTC,43.46879167,-65.75377833,Laminaria digitata,Oarweed,Chromista,Chromista,Ochrophyta,Phaeophyceae,Laminariales,Laminariaceae,Laminaria,Laminaria digitata
2018-08-28 19:58:26 UTC,43.46405411,-65.74781036,Leotia lubrica,Ochre Jelly Club,Fungi,Fungi,Ascomycota,Leotiomycetes,Leotiales,Leotiaceae,Leotia,Leotia lubrica
2018-09-01 12:26:04 UTC,43.463995,-65.74794667,Leotia lubrica,Ochre Jelly Club,Fungi,Fungi,Ascomycota,Leotiomycetes,Leotiales,Leotiaceae,Leotia,Leotia lubrica
2023-07-09 19:22:02 UTC,43.46415567,-65.74947171,Moneses uniflora,One-flowered Wintergreen,Plants,Plantae,Tracheophyta,Magnoliopsida,Ericales,Ericaceae,Moneses,Moneses uniflora
2022-05-22 17:05:15 UTC,43.46400504,-65.74533405,Seiurus aurocapilla,Ovenbird,Birds,Animalia,Chordata,Aves,Passeriformes,Parulidae,Seiurus,Seiurus aurocapilla
2018-09-06 20:38:31 UTC,43.46066103,-65.74358819,Leucanthemum vulgare,Oxeye Daisy,Plants,Plantae,Tracheophyta,Magnoliopsida,Asterales,Asteraceae,Leucanthemum,Leucanthemum vulgare
2018-08-19 16:56:19 UTC,43.47855377,-65.75982666,Mertensia maritima,Oysterplant,Plants,Plantae,Tracheophyta,Magnoliopsida,Boraginales,Boraginaceae,Mertensia,Mertensia maritima
2018-08-19 23:20:36 UTC,43.45708466,-65.74325562,Rumex persicarioides,Pacific Golden Dock,Plants,Plantae,Tracheophyta,Magnoliopsida,Caryophyllales,Polygonaceae,Rumex,Rumex persicarioides
2020-06-29 23:45:07 UTC,43.4666667,-65.75,Vanessa cardui,Painted Lady,Insects,Animalia,Arthropoda,Insecta,Lepidoptera,Nymphalidae,Vanessa,Vanessa cardui
2017-07-03 23:41:59 UTC,43.46427539,-65.7461679,Betula papyrifera,Paper Birch,Plants,Plantae,Tracheophyta,Magnoliopsida,Fagales,Betulaceae,Betula,Betula papyrifera
2022-08-11 17:51:49 UTC,43.46490122,-65.74738795,Setophaga discolor,Prairie Warbler,Birds,Animalia,Chordata,Aves,Passeriformes,Parulidae,Setophaga,Setophaga discolor
2018-08-19 23:58:37 UTC,43.47062302,-65.75579071,Sagina procumbens,Procumbent Pearlwort,Plants,Plantae,Tracheophyta,Magnoliopsida,Caryophyllales,Caryophyllaceae,Sagina,Sagina procumbens
2019-01-17 17:47:29 UTC,43.46452539,-65.74766583,Polygonia interrogationis,Question Mark Butterfly,Insects,Animalia,Arthropoda,Insecta,Lepidoptera,Nymphalidae,Polygonia,Polygonia interrogationis
2017-08-15 16:54:24 UTC,43.46402,-65.745645,Vanessa atalanta,Red Admiral,Insects,Animalia,Arthropoda,Insecta,Lepidoptera,Nymphalidae,Vanessa,Vanessa atalanta
2018-07-02 19:38:44 UTC,43.46483212,-65.74598205,Vanessa atalanta,Red Admiral,Insects,Animalia,Arthropoda,Insecta,Lepidoptera,Nymphalidae,Vanessa,Vanessa atalanta
2018-07-05 09:14:31 UTC,43.4716749,-65.75092268,Vanessa atalanta,Red Admiral,Insects,Animalia,Arthropoda,Insecta,Lepidoptera,Nymphalidae,Vanessa,Vanessa atalanta
2018-08-20 14:54:29 UTC,43.46020508,-65.7432785,Vanessa atalanta,Red Admiral,Insects,Animalia,Arthropoda,Insecta,Lepidoptera,Nymphalidae,Vanessa,Vanessa atalanta
2019-01-15 22:10:33 UTC,43.47105803,-65.75092763,Vanessa atalanta,Red Admiral,Insects,Animalia,Arthropoda,Insecta,Lepidoptera,Nymphalidae,Vanessa,Vanessa atalanta
2019-01-15 22:10:44 UTC,43.46494447,-65.74680243,Vanessa atalanta,Red Admiral,Insects,Animalia,Arthropoda,Insecta,Lepidoptera,Nymphalidae,Vanessa,Vanessa atalanta
2019-01-15 22:10:53 UTC,43.46451479,-65.74590283,Vanessa atalanta,Red Admiral,Insects,Animalia,Arthropoda,Insecta,Lepidoptera,Nymphalidae,Vanessa,Vanessa atalanta
2019-08-24 12:05:26 UTC,43.46317358,-65.74509606,Vanessa atalanta,Red Admiral,Insects,Animalia,Arthropoda,Insecta,Lepidoptera,Nymphalidae,Vanessa,Vanessa atalanta
2020-06-29 23:45:04 UTC,43.4666667,-65.75,Vanessa atalanta,Red Admiral,Insects,Animalia,Arthropoda,Insecta,Lepidoptera,Nymphalidae,Vanessa,Vanessa atalanta
2021-07-01 20:40:04 UTC,43.46392528,-65.74541042,Vanessa atalanta,Red Admiral,Insects,Animalia,Arthropoda,Insecta,Lepidoptera,Nymphalidae,Vanessa,Vanessa atalanta
2022-10-31 01:55:36 UTC,43.46669832,-65.7500001,Vanessa atalanta,Red Admiral,Insects,Animalia,Arthropoda,Insecta,Lepidoptera,Nymphalidae,Vanessa,Vanessa atalanta
2023-07-17 18:51:36 UTC,43.47908833,-65.753905,Vanessa atalanta,Red Admiral,Insects,Animalia,Arthropoda,Insecta,Lepidoptera,Nymphalidae,Vanessa,Vanessa atalanta
2018-09-10 16:11:47 UTC,43.47398,-65.75848333,Polyides rotunda,Red Algae,Plants,Plantae,Rhodophyta,Florideophyceae,Gigartinales,Polyidaceae,Polyides,Polyides rotunda
2017-07-04 01:45:15 UTC,43.46493144,-65.75359493,Vertebrata lanosa,Red Algae,Plants,Plantae,Rhodophyta,Florideophyceae,Ceramiales,Rhodomelaceae,Vertebrata,Vertebrata lanosa
2017-07-04 17:17:03 UTC,43.47024458,-65.7559251,Vertebrata lanosa,Red Algae,Plants,Plantae,Rhodophyta,Florideophyceae,Ceramiales,Rhodomelaceae,Vertebrata,Vertebrata lanosa
2019-09-28 17:39:23 UTC,43.473575,-65.7585,Vertebrata lanosa,Red Algae,Plants,Plantae,Rhodophyta,Florideophyceae,Ceramiales,Rhodomelaceae,Vertebrata,Vertebrata lanosa
2019-08-08 19:50:53 UTC,43.47265333,-65.75775333,Ceramium virgatum,Red Hornweed,Plants,Plantae,Rhodophyta,Florideophyceae,Ceramiales,Ceramiaceae,Ceramium,Ceramium virgatum
2021-07-01 14:51:11 UTC,43.46396866,-65.74548485,Rubus idaeus,Red Raspberry,Plants,Plantae,Tracheophyta,Magnoliopsida,Rosales,Rosaceae,Rubus,Rubus idaeus
2019-08-24 22:34:43 UTC,43.45763384,-65.74290097,Rubus idaeus,Red Raspberry,Plants,Plantae,Tracheophyta,Magnoliopsida,Rosales,Rosaceae,Rubus,Rubus idaeus
2019-01-15 22:10:52 UTC,43.46413705,-65.74567254,Elasmostethus cruciatus,Red-cross Shield Bug,Insects,Animalia,Arthropoda,Insecta,Hemiptera,Acanthosomatidae,Elasmostethus,Elasmostethus cruciatus
2022-08-10 18:30:25 UTC,43.4686433,-65.75333186,Arenaria interpres,Ruddy Turnstone,Birds,Animalia,Chordata,Aves,Charadriiformes,Scolopacidae,Arenaria,Arenaria interpres
2017-07-04 02:04:33 UTC,43.47296314,-65.75424671,Passerculus sandwichensis,Savannah Sparrow,Birds,Animalia,Chordata,Aves,Passeriformes,Passerellidae,Passerculus,Passerculus sandwichensis
2018-07-02 19:38:50 UTC,43.45796727,-65.74274192,Passerculus sandwichensis,Savannah Sparrow,Birds,Animalia,Chordata,Aves,Passeriformes,Passerellidae,Passerculus,Passerculus sandwichensis
2018-08-05 23:44:22 UTC,43.46697395,-65.75328292,Fucus serratus,Saw Wrack,Chromista,Chromista,Ochrophyta,Phaeophyceae,Fucales,Fucaceae,Fucus,Fucus serratus
2018-09-03 00:28:29 UTC,43.45691945,-65.74349441,Fucus serratus,Saw Wrack,Chromista,Chromista,Ochrophyta,Phaeophyceae,Fucales,Fucaceae,Fucus,Fucus serratus
2018-09-03 00:54:48 UTC,43.46321167,-65.75274667,Fucus serratus,Saw Wrack,Chromista,Chromista,Ochrophyta,Phaeophyceae,Fucales,Fucaceae,Fucus,Fucus serratus
2018-09-10 16:15:52 UTC,43.47191167,-65.75692833,Fucus serratus,Saw Wrack,Chromista,Chromista,Ochrophyta,Phaeophyceae,Fucales,Fucaceae,Fucus,Fucus serratus
2018-09-27 00:12:19 UTC,43.46442833,-65.74527,Fucus serratus,Saw Wrack,Chromista,Chromista,Ochrophyta,Phaeophyceae,Fucales,Fucaceae,Fucus,Fucus serratus
2019-09-28 17:39:41 UTC,43.47355333,-65.75847,Fucus serratus,Saw Wrack,Chromista,Chromista,Ochrophyta,Phaeophyceae,Fucales,Fucaceae,Fucus,Fucus serratus
2021-07-17 16:59:45 UTC,43.46455078,-65.74477953,Fucus serratus,Saw Wrack,Chromista,Chromista,Ochrophyta,Phaeophyceae,Fucales,Fucaceae,Fucus,Fucus serratus
2017-05-10 23:24:29 UTC,43.46780709,-65.74792099,Ligusticum scothicum,Scots Lovage,Plants,Plantae,Tracheophyta,Magnoliopsida,Apiales,Apiaceae,Ligusticum,Ligusticum scothicum
2018-01-15 18:51:35 UTC,43.45619444,-65.74420278,Ligusticum scothicum,Scots Lovage,Plants,Plantae,Tracheophyta,Magnoliopsida,Apiales,Apiaceae,Ligusticum,Ligusticum scothicum
2018-08-20 18:36:59 UTC,43.45603561,-65.74456024,Ligusticum scothicum,Scots Lovage,Plants,Plantae,Tracheophyta,Magnoliopsida,Apiales,Apiaceae,Ligusticum,Ligusticum scothicum
2018-08-21 16:54:44 UTC,43.45589984,-65.74367049,Ligusticum scothicum,Scots Lovage,Plants,Plantae,Tracheophyta,Magnoliopsida,Apiales,Apiaceae,Ligusticum,Ligusticum scothicum
2018-08-05 23:44:32 UTC,43.46713508,-65.75327534,Saccharina latissima,Sea Belt,Chromista,Chromista,Ochrophyta,Phaeophyceae,Laminariales,Laminariaceae,Saccharina,Saccharina latissima
2018-09-03 00:57:03 UTC,43.463895,-65.75273,Saccharina latissima,Sea Belt,Chromista,Chromista,Ochrophyta,Phaeophyceae,Laminariales,Laminariaceae,Saccharina,Saccharina latissima
2018-09-03 00:57:42 UTC,43.46893667,-65.75360833,Saccharina latissima,Sea Belt,Chromista,Chromista,Ochrophyta,Phaeophyceae,Laminariales,Laminariaceae,Saccharina,Saccharina latissima
2018-09-27 00:16:58 UTC,43.46463,-65.74548333,Saccharina latissima,Sea Belt,Chromista,Chromista,Ochrophyta,Phaeophyceae,Laminariales,Laminariaceae,Saccharina,Saccharina latissima
2018-09-03 00:53:13 UTC,43.45696333,-65.74339167,Phycodrys rubens,Sea Oak,Plants,Plantae,Rhodophyta,Florideophyceae,Ceramiales,Delesseriaceae,Phycodrys,Phycodrys rubens
2018-09-10 16:13:40 UTC,43.473605,-65.75837833,Phycodrys rubens,Sea Oak,Plants,Plantae,Rhodophyta,Florideophyceae,Ceramiales,Delesseriaceae,Phycodrys,Phycodrys rubens
2017-05-05 14:41:58 UTC,43.45579278,-65.74550271,Lathyrus japonicus,Seaside Pea,Plants,Plantae,Tracheophyta,Magnoliopsida,Fabales,Fabaceae,Lathyrus,Lathyrus japonicus
2017-07-01 15:13:31 UTC,43.4643695,-65.74554051,Lathyrus japonicus,Seaside Pea,Plants,Plantae,Tracheophyta,Magnoliopsida,Fabales,Fabaceae,Lathyrus,Lathyrus japonicus
2017-07-04 02:04:25 UTC,43.46791766,-65.75319529,Lathyrus japonicus,Seaside Pea,Plants,Plantae,Tracheophyta,Magnoliopsida,Fabales,Fabaceae,Lathyrus,Lathyrus japonicus
2018-01-15 18:51:36 UTC,43.4666667,-65.75,Lathyrus japonicus,Seaside Pea,Plants,Plantae,Tracheophyta,Magnoliopsida,Fabales,Fabaceae,Lathyrus,Lathyrus japonicus
2018-08-20 15:05:22 UTC,43.46876167,-65.75313667,Lathyrus japonicus,Seaside Pea,Plants,Plantae,Tracheophyta,Magnoliopsida,Fabales,Fabaceae,Lathyrus,Lathyrus japonicus
2018-08-26 12:39:25 UTC,43.46750008,-65.74733053,Lathyrus japonicus,Seaside Pea,Plants,Plantae,Tracheophyta,Magnoliopsida,Fabales,Fabaceae,Lathyrus,Lathyrus japonicus
2018-08-26 12:40:47 UTC,43.46742898,-65.74738302,Lathyrus japonicus,Seaside Pea,Plants,Plantae,Tracheophyta,Magnoliopsida,Fabales,Fabaceae,Lathyrus,Lathyrus japonicus
2018-08-26 12:46:13 UTC,43.46757538,-65.74739616,Lathyrus japonicus,Seaside Pea,Plants,Plantae,Tracheophyta,Magnoliopsida,Fabales,Fabaceae,Lathyrus,Lathyrus japonicus
2018-08-26 12:49:35 UTC,43.46762963,-65.74766147,Lathyrus japonicus,Seaside Pea,Plants,Plantae,Tracheophyta,Magnoliopsida,Fabales,Fabaceae,Lathyrus,Lathyrus japonicus
2018-08-26 17:50:31 UTC,43.467505,-65.74741333,Lathyrus japonicus,Seaside Pea,Plants,Plantae,Tracheophyta,Magnoliopsida,Fabales,Fabaceae,Lathyrus,Lathyrus japonicus
2018-08-26 18:25:51 UTC,43.46418333,-65.74606333,Lathyrus japonicus,Seaside Pea,Plants,Plantae,Tracheophyta,Magnoliopsida,Fabales,Fabaceae,Lathyrus,Lathyrus japonicus
2018-08-27 13:56:57 UTC,43.466667,-65.75,Lathyrus japonicus,Seaside Pea,Plants,Plantae,Tracheophyta,Magnoliopsida,Fabales,Fabaceae,Lathyrus,Lathyrus japonicus
2018-08-27 14:25:17 UTC,43.46746464,-65.74743868,Lathyrus japonicus,Seaside Pea,Plants,Plantae,Tracheophyta,Magnoliopsida,Fabales,Fabaceae,Lathyrus,Lathyrus japonicus
2018-09-03 11:33:30 UTC,43.46740857,-65.74726216,Lathyrus japonicus,Seaside Pea,Plants,Plantae,Tracheophyta,Magnoliopsida,Fabales,Fabaceae,Lathyrus,Lathyrus japonicus
2019-08-26 12:25:03 UTC,43.45713716,-65.74376051,Lathyrus japonicus,Seaside Pea,Plants,Plantae,Tracheophyta,Magnoliopsida,Fabales,Fabaceae,Lathyrus,Lathyrus japonicus
2021-07-01 14:35:17 UTC,43.46669832,-65.7500001,Lathyrus japonicus,Seaside Pea,Plants,Plantae,Tracheophyta,Magnoliopsida,Fabales,Fabaceae,Lathyrus,Lathyrus japonicus
2023-06-23 10:43:36 UTC,43.4722,-65.751225,Lathyrus japonicus,Seaside Pea,Plants,Plantae,Tracheophyta,Magnoliopsida,Fabales,Fabaceae,Lathyrus,Lathyrus japonicus
2023-07-20 12:17:34 UTC,43.48001333,-65.75756167,Charadrius semipalmatus,Semipalmated Plover,Birds,Animalia,Chordata,Aves,Charadriiformes,Charadriidae,Charadrius,Charadrius semipalmatus
2022-08-10 18:30:23 UTC,43.46817549,-65.75334228,Calidris pusilla,Semipalmated Sandpiper,Birds,Animalia,Chordata,Aves,Charadriiformes,Scolopacidae,Calidris,Calidris pusilla
2023-07-20 12:19:20 UTC,43.48001167,-65.75757,Calidris pusilla,Semipalmated Sandpiper,Birds,Animalia,Chordata,Aves,Charadriiformes,Scolopacidae,Calidris,Calidris pusilla
2021-08-05 20:18:11 UTC,43.456144,-65.744476,Coccinella septempunctata,Seven-spotted Lady Beetle,Insects,Animalia,Arthropoda,Insecta,Coleoptera,Coccinellidae,Coccinella,Coccinella septempunctata
2023-07-17 02:28:14 UTC,43.47216333,-65.751145,Coccinella septempunctata,Seven-spotted Lady Beetle,Insects,Animalia,Arthropoda,Insecta,Coleoptera,Coccinellidae,Coccinella,Coccinella septempunctata
2019-01-15 22:10:47 UTC,43.46544019,-65.74951521,Aeshna umbrosa,Shadow Darner,Insects,Animalia,Arthropoda,Insecta,Odonata,Aeshnidae,Aeshna,Aeshna umbrosa
2018-08-26 14:21:55 UTC,43.46522215,-65.74778214,Rumex acetosella,Sheep's Sorrel,Plants,Plantae,Tracheophyta,Magnoliopsida,Caryophyllales,Polygonaceae,Rumex,Rumex acetosella
2018-08-26 14:23:55 UTC,43.46531753,-65.74773375,Rumex acetosella,Sheep's Sorrel,Plants,Plantae,Tracheophyta,Magnoliopsida,Caryophyllales,Polygonaceae,Rumex,Rumex acetosella
2018-08-29 12:18:57 UTC,43.4653102,-65.74782601,Rumex acetosella,Sheep's Sorrel,Plants,Plantae,Tracheophyta,Magnoliopsida,Caryophyllales,Polygonaceae,Rumex,Rumex acetosella
2018-09-05 13:19:05 UTC,43.46792087,-65.74865883,Rumex acetosella,Sheep's Sorrel,Plants,Plantae,Tracheophyta,Magnoliopsida,Caryophyllales,Polygonaceae,Rumex,Rumex acetosella
2018-09-03 01:06:20 UTC,43.45695,-65.74345333,Agarum clathratum,Sieve Kelp,Chromista,Chromista,Ochrophyta,Phaeophyceae,Laminariales,Agaraceae,Agarum,Agarum clathratum
2018-09-03 01:09:26 UTC,43.46449167,-65.74538333,Agarum clathratum,Sieve Kelp,Chromista,Chromista,Ochrophyta,Phaeophyceae,Laminariales,Agaraceae,Agarum,Agarum clathratum
2021-07-17 16:58:28 UTC,43.46472692,-65.74440983,Agarum clathratum,Sieve Kelp,Chromista,Chromista,Ochrophyta,Phaeophyceae,Laminariales,Agaraceae,Agarum,Agarum clathratum
2019-01-15 22:10:55 UTC,43.46445543,-65.74583501,Boloria myrina,Silver-bordered Fritillary,Insects,Animalia,Arthropoda,Insecta,Lepidoptera,Nymphalidae,Boloria,Boloria myrina
2019-01-17 17:47:26 UTC,43.46452359,-65.74594517,Boloria myrina,Silver-bordered Fritillary,Insects,Animalia,Arthropoda,Insecta,Lepidoptera,Nymphalidae,Boloria,Boloria myrina
2018-03-16 11:30:07 UTC,43.4571067,-65.74357152,Lasionycteris noctivagans,Silver-haired Bat,Mammals,Animalia,Chordata,Mammalia,Chiroptera,Vespertilionidae,Lasionycteris,Lasionycteris noctivagans
2017-07-04 01:14:50 UTC,43.46368163,-65.75073838,Ribes hirtellum,Smooth Gooseberry,Plants,Plantae,Tracheophyta,Magnoliopsida,Saxifragales,Grossulariaceae,Ribes,Ribes hirtellum
2019-01-17 18:23:35 UTC,43.46405441,-65.74563838,Lepus americanus,Snowshoe Hare,Mammals,Animalia,Chordata,Mammalia,Lagomorpha,Leporidae,Lepus,Lepus americanus
2021-10-26 16:08:39 UTC,43.47102831,-65.75302027,Lepus americanus,Snowshoe Hare,Mammals,Animalia,Chordata,Mammalia,Lagomorpha,Leporidae,Lepus,Lepus americanus
2023-07-18 11:42:49 UTC,43.463975,-65.7455,Lepus americanus,Snowshoe Hare,Mammals,Animalia,Chordata,Mammalia,Lagomorpha,Leporidae,Lepus,Lepus americanus
2017-07-01 14:49:06 UTC,43.46343961,-65.74516224,Juncus effusus,Soft Rush,Plants,Plantae,Tracheophyta,Liliopsida,Poales,Juncaceae,Juncus,Juncus effusus
2018-08-26 13:00:56 UTC,43.46800406,-65.74860546,Juncus effusus,Soft Rush,Plants,Plantae,Tracheophyta,Liliopsida,Poales,Juncaceae,Juncus,Juncus effusus
2018-09-02 23:52:17 UTC,43.46796667,-65.74865,Juncus effusus,Soft Rush,Plants,Plantae,Tracheophyta,Liliopsida,Poales,Juncaceae,Juncus,Juncus effusus
2018-09-04 17:33:40 UTC,43.4669878,-65.75190112,Juncus effusus,Soft Rush,Plants,Plantae,Tracheophyta,Liliopsida,Poales,Juncaceae,Juncus,Juncus effusus
2018-09-06 20:42:40 UTC,43.45943443,-65.74338194,Juncus effusus,Soft Rush,Plants,Plantae,Tracheophyta,Liliopsida,Poales,Juncaceae,Juncus,Juncus effusus
2017-07-03 23:41:59 UTC,43.46431627,-65.74647635,Melospiza melodia,Song Sparrow,Birds,Animalia,Chordata,Aves,Passeriformes,Passerellidae,Melospiza,Melospiza melodia
2017-08-01 00:21:57 UTC,43.46404762,-65.74482143,Melospiza melodia,Song Sparrow,Birds,Animalia,Chordata,Aves,Passeriformes,Passerellidae,Melospiza,Melospiza melodia
2018-07-02 19:38:49 UTC,43.4570815,-65.74370341,Melospiza melodia,Song Sparrow,Birds,Animalia,Chordata,Aves,Passeriformes,Passerellidae,Melospiza,Melospiza melodia
2022-08-10 22:11:42 UTC,43.46525883,-65.74676901,Melospiza melodia,Song Sparrow,Birds,Animalia,Chordata,Aves,Passeriformes,Passerellidae,Melospiza,Melospiza melodia
2022-10-12 18:52:25 UTC,43.45957421,-65.74643351,Melospiza melodia,Song Sparrow,Birds,Animalia,Chordata,Aves,Passeriformes,Passerellidae,Melospiza,Melospiza melodia
2018-09-03 00:27:01 UTC,43.45693525,-65.74340824,Fucus spiralis,Spiral Wrack,Chromista,Chromista,Ochrophyta,Phaeophyceae,Fucales,Fucaceae,Fucus,Fucus spiralis
2019-08-08 19:51:31 UTC,43.47361167,-65.75842167,Fucus spiralis,Spiral Wrack,Chromista,Chromista,Ochrophyta,Phaeophyceae,Fucales,Fucaceae,Fucus,Fucus spiralis
2018-08-20 15:03:52 UTC,43.46656333,-65.75318,Impatiens capensis,Spotted Jewelweed,Plants,Plantae,Tracheophyta,Magnoliopsida,Ericales,Balsaminaceae,Impatiens,Impatiens capensis
2018-07-02 19:38:49 UTC,43.45692525,-65.74515029,Actitis macularius,Spotted Sandpiper,Birds,Animalia,Chordata,Aves,Charadriiformes,Scolopacidae,Actitis,Actitis macularius
2023-06-28 17:56:47 UTC,43.4666667,-65.75,Lophocampa maculata,Spotted Tussock Moth,Insects,Animalia,Arthropoda,Insecta,Lepidoptera,Erebidae,Lophocampa,Lophocampa maculata
2017-02-04 00:18:24 UTC,43.46114609,-65.74405217,Sisyrinchium montanum,Strict Blue-eyed Grass,Plants,Plantae,Tracheophyta,Liliopsida,Asparagales,Iridaceae,Sisyrinchium,Sisyrinchium montanum
2017-07-04 01:14:45 UTC,43.46399311,-65.7484746,Rubus hispidus,Swamp Dewberry,Plants,Plantae,Tracheophyta,Magnoliopsida,Rosales,Rosaceae,Rubus,Rubus hispidus
2018-09-25 23:05:19 UTC,43.46803667,-65.74855,Persicaria hydropiperoides,Swamp Smartweed,Plants,Plantae,Tracheophyta,Magnoliopsida,Caryophyllales,Polygonaceae,Persicaria,Persicaria hydropiperoides
2017-07-04 02:04:32 UTC,43.47270621,-65.75447202,Myrica gale,Sweet Gale,Plants,Plantae,Tracheophyta,Magnoliopsida,Fagales,Myricaceae,Myrica,Myrica gale
2018-08-26 13:30:18 UTC,43.4665983,-65.75132091,Myrica gale,Sweet Gale,Plants,Plantae,Tracheophyta,Magnoliopsida,Fagales,Myricaceae,Myrica,Myrica gale
2018-08-26 13:30:25 UTC,43.47011667,-65.75152,Myrica gale,Sweet Gale,Plants,Plantae,Tracheophyta,Magnoliopsida,Fagales,Myricaceae,Myrica,Myrica gale
2018-08-26 13:41:51 UTC,43.47015905,-65.75146752,Myrica gale,Sweet Gale,Plants,Plantae,Tracheophyta,Magnoliopsida,Fagales,Myricaceae,Myrica,Myrica gale
2018-08-26 14:16:04 UTC,43.47021734,-65.7515753,Myrica gale,Sweet Gale,Plants,Plantae,Tracheophyta,Magnoliopsida,Fagales,Myricaceae,Myrica,Myrica gale
2018-08-26 14:28:00 UTC,43.47018675,-65.75150457,Myrica gale,Sweet Gale,Plants,Plantae,Tracheophyta,Magnoliopsida,Fagales,Myricaceae,Myrica,Myrica gale
2018-08-26 15:27:03 UTC,43.47016697,-65.75135898,Myrica gale,Sweet Gale,Plants,Plantae,Tracheophyta,Magnoliopsida,Fagales,Myricaceae,Myrica,Myrica gale
2018-08-26 17:29:31 UTC,43.47012167,-65.75145833,Myrica gale,Sweet Gale,Plants,Plantae,Tracheophyta,Magnoliopsida,Fagales,Myricaceae,Myrica,Myrica gale
2018-08-26 19:34:23 UTC,43.47006667,-65.75145833,Myrica gale,Sweet Gale,Plants,Plantae,Tracheophyta,Magnoliopsida,Fagales,Myricaceae,Myrica,Myrica gale
2018-08-27 13:56:43 UTC,43.466667,-65.75,Myrica gale,Sweet Gale,Plants,Plantae,Tracheophyta,Magnoliopsida,Fagales,Myricaceae,Myrica,Myrica gale
2018-09-01 12:55:28 UTC,43.47025,-65.75152,Myrica gale,Sweet Gale,Plants,Plantae,Tracheophyta,Magnoliopsida,Fagales,Myricaceae,Myrica,Myrica gale
2018-08-22 14:13:12 UTC,43.46400833,-65.74573667,Amanita fulva,Tawny Grisette,Fungi,Fungi,Basidiomycota,Agaricomycetes,Agaricales,Amanitaceae,Amanita,Amanita fulva
2018-08-26 14:03:40 UTC,43.46009494,-65.74429899,Amanita fulva,Tawny Grisette,Fungi,Fungi,Basidiomycota,Agaricomycetes,Agaricales,Amanitaceae,Amanita,Amanita fulva
2018-09-02 23:59:05 UTC,43.464455,-65.74684167,Amanita fulva,Tawny Grisette,Fungi,Fungi,Basidiomycota,Agaricomycetes,Agaricales,Amanitaceae,Amanita,Amanita fulva
2018-08-26 17:31:11 UTC,43.46531573,-65.74771109,Coptis trifolia,Threeleaf Goldthread,Plants,Plantae,Tracheophyta,Magnoliopsida,Ranunculales,Ranunculaceae,Coptis,Coptis trifolia
2017-07-01 14:47:01 UTC,43.46355604,-65.7451329,Carex trisperma,Threeseeded Sedge,Plants,Plantae,Tracheophyta,Liliopsida,Poales,Cyperaceae,Carex,Carex trisperma
2018-09-03 01:05:51 UTC,43.46373333,-65.7453,Elachista fucicola,Tiny Wrack Bush,Chromista,Chromista,Ochrophyta,Phaeophyceae,Ectocarpales,Chordariaceae,Elachista,Elachista fucicola
2017-08-26 17:48:52 UTC,43.45988846,-65.74385071,Pseudohydnum gelatinosum,Toothed Jelly Fungus,Fungi,Fungi,Basidiomycota,Agaricomycetes,Auriculariales,Unknown,Pseudohydnum,Pseudohydnum gelatinosum
2019-01-17 17:47:40 UTC,43.46452493,-65.74797724,Libellula pulchella,Twelve-spotted Skimmer,Insects,Animalia,Arthropoda,Insecta,Odonata,Libellulidae,Libellula,Libellula pulchella
2018-01-21 23:46:54 UTC,43.457245,-65.74347833,Melanoplus bivittatus,Two-striped Grasshopper,Insects,Animalia,Arthropoda,Insecta,Orthoptera,Acrididae,Melanoplus,Melanoplus bivittatus
2018-09-03 00:49:54 UTC,43.456995,-65.74305833,Melanoplus bivittatus,Two-striped Grasshopper,Insects,Animalia,Arthropoda,Insecta,Orthoptera,Acrididae,Melanoplus,Melanoplus bivittatus
2018-08-26 23:32:22 UTC,43.46392,-65.74797833,Lactarius turpis,Ugly Milkcap,Fungi,Fungi,Basidiomycota,Agaricomycetes,Russulales,Russulaceae,Lactarius,Lactarius turpis
2018-09-01 16:05:21 UTC,43.46845665,-65.74714927,Platismatia glauca,Varied Rag Lichen,Fungi,Fungi,Ascomycota,Lecanoromycetes,Lecanorales,Parmeliaceae,Platismatia,Platismatia glauca
2018-08-20 14:55:06 UTC,43.45694351,-65.74349976,Ctenucha virginica,Virginia Ctenucha Moth,Insects,Animalia,Arthropoda,Insecta,Lepidoptera,Erebidae,Ctenucha,Ctenucha virginica
2018-09-03 00:38:49 UTC,43.456855,-65.74349167,Ctenucha virginica,Virginia Ctenucha Moth,Insects,Animalia,Arthropoda,Insecta,Lepidoptera,Erebidae,Ctenucha,Ctenucha virginica
2017-07-04 01:01:29 UTC,43.46432017,-65.75089931,Picea glauca,White Spruce,Plants,Plantae,Tracheophyta,Pinopsida,Pinales,Pinaceae,Picea,Picea glauca
2019-08-24 22:27:26 UTC,43.45662378,-65.74334823,Picea glauca,White Spruce,Plants,Plantae,Tracheophyta,Pinopsida,Pinales,Pinaceae,Picea,Picea glauca
2018-08-21 17:33:13 UTC,43.46381167,-65.74592,Orgyia leucostigma,White-marked Tussock Moth,Insects,Animalia,Arthropoda,Insecta,Lepidoptera,Erebidae,Orgyia,Orgyia leucostigma
2022-08-10 18:30:27 UTC,43.46851994,-65.75328016,Calidris fuscicollis,White-rumped Sandpiper,Birds,Animalia,Chordata,Aves,Charadriiformes,Scolopacidae,Calidris,Calidris fuscicollis
2017-04-03 12:39:40 UTC,43.45883833,-65.74312,Odocoileus virginianus,White-tailed Deer,Mammals,Animalia,Chordata,Mammalia,Artiodactyla,Cervidae,Odocoileus,Odocoileus virginianus
2017-07-04 01:01:26 UTC,43.46416443,-65.74886084,Odocoileus virginianus,White-tailed Deer,Mammals,Animalia,Chordata,Mammalia,Artiodactyla,Cervidae,Odocoileus,Odocoileus virginianus
2019-01-15 22:10:19 UTC,43.4589589,-65.74345814,Odocoileus virginianus,White-tailed Deer,Mammals,Animalia,Chordata,Mammalia,Artiodactyla,Cervidae,Odocoileus,Odocoileus virginianus
2019-01-16 16:51:23 UTC,43.46142223,-65.74348246,Odocoileus virginianus,White-tailed Deer,Mammals,Animalia,Chordata,Mammalia,Artiodactyla,Cervidae,Odocoileus,Odocoileus virginianus
2019-08-24 23:01:46 UTC,43.46051025,-65.74329376,Odocoileus virginianus,White-tailed Deer,Mammals,Animalia,Chordata,Mammalia,Artiodactyla,Cervidae,Odocoileus,Odocoileus virginianus
2021-07-01 14:49:39 UTC,43.46382554,-65.74551982,Odocoileus virginianus,White-tailed Deer,Mammals,Animalia,Chordata,Mammalia,Artiodactyla,Cervidae,Odocoileus,Odocoileus virginianus
2021-10-26 16:03:18 UTC,43.47117625,-65.75371429,Odocoileus virginianus,White-tailed Deer,Mammals,Animalia,Chordata,Mammalia,Artiodactyla,Cervidae,Odocoileus,Odocoileus virginianus
2018-08-29 19:47:28 UTC,43.45668411,-65.74344635,Ellychnia corrusca,Winter Firefly,Insects,Animalia,Arthropoda,Insecta,Coleoptera,Lampyridae,Ellychnia,Ellychnia corrusca
2017-07-04 01:01:32 UTC,43.46503657,-65.75001955,Setophaga petechia,Yellow Warbler,Birds,Animalia,Chordata,Aves,Passeriformes,Parulidae,Setophaga,Setophaga petechia
2021-07-01 15:20:24 UTC,43.46669832,-65.7500001,Setophaga petechia,Yellow Warbler,Birds,Animalia,Chordata,Aves,Passeriformes,Parulidae,Setophaga,Setophaga petechia
2019-07-06 23:29:06 UTC,43.464475,-65.74581944,Empidonax flaviventris,Yellow-bellied Flycatcher,Birds,Animalia,Chordata,Aves,Passeriformes,Tyrannidae,Empidonax,Empidonax flaviventris
2018-09-03 19:45:49 UTC,43.45963016,-65.74369281,Craterellus tubaeformis,Yellowfoot,Fungi,Fungi,Basidiomycota,Agaricomycetes,Cantharellales,Hydnaceae,Craterellus,Craterellus tubaeformis
2018-07-02 19:38:45 UTC,43.46381484,-65.74549852,Setophaga coronata,Yellow-rumped Warbler,Birds,Animalia,Chordata,Aves,Passeriformes,Parulidae,Setophaga,Setophaga coronata
2022-11-05 18:03:08 UTC,43.4666667,-65.75,Setophaga coronata,Yellow-rumped Warbler,Birds,Animalia,Chordata,Aves,Passeriformes,Parulidae,Setophaga,Setophaga coronata
2022-11-05 18:31:05 UTC,43.4666667,-65.75,Setophaga coronata,Yellow-rumped Warbler,Birds,Animalia,Chordata,Aves,Passeriformes,Parulidae,Setophaga,Setophaga coronata
2019-01-15 22:10:27 UTC,43.46348814,-65.74465021,Spodoptera ornithogalli,Yellow-striped Armyworm Moth,Insects,Animalia,Arthropoda,Insecta,Lepidoptera,Noctuidae,Spodoptera,Spodoptera ornithogalli
2019-01-15 22:10:26 UTC,43.4645355,-65.74592694,Salticus scenicus,Zebra Jumping Spider,Arachnids,Animalia,Arthropoda,Arachnida,Araneae,Salticidae,Salticus,Salticus scenicus
2021-07-01 15:36:48 UTC,43.46387038,-65.74547815,Salticus scenicus,Zebra Jumping Spider,Arachnids,Animalia,Arthropoda,Arachnida,Araneae,Salticidae,Salticus,Salticus scenicus
